User,Role
User_7,Role_0
User_30,Role_0
User_32,Role_0
User_34,Role_0
User_39,Role_0
User_50,Role_0
User_57,Role_0
User_60,Role_0
User_62,Role_0
User_70,Role_0
User_88,Role_0
User_90,Role_0
User_92,Role_0
User_94,Role_0
User_102,Role_0
User_120,Role_0
User_136,Role_0
User_146,Role_0
User_159,Role_0
User_163,Role_0
User_166,Role_0
User_178,Role_0
User_202,Role_0
User_205,Role_0
User_226,Role_0
User_266,Role_0
User_268,Role_0
User_269,Role_0
User_271,Role_0
User_292,Role_0
User_295,Role_0
User_300,Role_0
User_301,Role_0
User_325,Role_0
User_384,Role_0
User_385,Role_0
User_393,Role_0
User_395,Role_0
User_399,Role_0
User_400,Role_0
User_413,Role_0
User_421,Role_0
User_433,Role_0
User_440,Role_0
User_441,Role_0
User_442,Role_0
User_453,Role_0
User_467,Role_0
User_469,Role_0
User_506,Role_0
User_523,Role_0
User_527,Role_0
User_529,Role_0
User_536,Role_0
User_552,Role_0
User_569,Role_0
User_595,Role_0
User_597,Role_0
User_603,Role_0
User_610,Role_0
User_623,Role_0
User_648,Role_0
User_658,Role_0
User_665,Role_0
User_667,Role_0
User_671,Role_0
User_684,Role_0
User_690,Role_0
User_702,Role_0
User_703,Role_0
User_708,Role_0
User_713,Role_0
User_725,Role_0
User_727,Role_0
User_734,Role_0
User_736,Role_0
User_757,Role_0
User_765,Role_0
User_801,Role_0
User_806,Role_0
User_824,Role_0
User_833,Role_0
User_848,Role_0
User_854,Role_0
User_877,Role_0
User_883,Role_0
User_886,Role_0
User_907,Role_0
User_911,Role_0
User_912,Role_0
User_916,Role_0
User_918,Role_0
User_939,Role_0
User_979,Role_0
User_982,Role_0
User_993,Role_0
User_1005,Role_0
User_1006,Role_0
User_1024,Role_0
User_1055,Role_0
User_1058,Role_0
User_1092,Role_0
User_1096,Role_0
User_1111,Role_0
User_1113,Role_0
User_1121,Role_0
User_1122,Role_0
User_1137,Role_0
User_1147,Role_0
User_1152,Role_0
User_1154,Role_0
User_1156,Role_0
User_1164,Role_0
User_1172,Role_0
User_1200,Role_0
User_1201,Role_0
User_1225,Role_0
User_1244,Role_0
User_1249,Role_0
User_1254,Role_0
User_1285,Role_0
User_1291,Role_0
User_1318,Role_0
User_1333,Role_0
User_1335,Role_0
User_1357,Role_0
User_1361,Role_0
User_1370,Role_0
User_1385,Role_0
User_1388,Role_0
User_1402,Role_0
User_1420,Role_0
User_1421,Role_0
User_1424,Role_0
User_1425,Role_0
User_1435,Role_0
User_1444,Role_0
User_1448,Role_0
User_1467,Role_0
User_1469,Role_0
User_1475,Role_0
User_1492,Role_0
User_1515,Role_0
User_1528,Role_0
User_1533,Role_0
User_1539,Role_0
User_1540,Role_0
User_1541,Role_0
User_1542,Role_0
User_1547,Role_0
User_1559,Role_0
User_1577,Role_0
User_1591,Role_0
User_1596,Role_0
User_1598,Role_0
User_1609,Role_0
User_1625,Role_0
User_1647,Role_0
User_1649,Role_0
User_1665,Role_0
User_1666,Role_0
User_1673,Role_0
User_1683,Role_0
User_1689,Role_0
User_1719,Role_0
User_1728,Role_0
User_1749,Role_0
User_1762,Role_0
User_1764,Role_0
User_1777,Role_0
User_1779,Role_0
User_1780,Role_0
User_1781,Role_0
User_1785,Role_0
User_1816,Role_0
User_1830,Role_0
User_1834,Role_0
User_1837,Role_0
User_1839,Role_0
User_1845,Role_0
User_1857,Role_0
User_1863,Role_0
User_1864,Role_0
User_1878,Role_0
User_1884,Role_0
User_1891,Role_0
User_1913,Role_0
User_1917,Role_0
User_1919,Role_0
User_1926,Role_0
User_1946,Role_0
User_1954,Role_0
User_1963,Role_0
User_1971,Role_0
User_1973,Role_0
User_1975,Role_0
User_1982,Role_0
User_1983,Role_0
User_1987,Role_0
User_1990,Role_0
User_2010,Role_0
User_2011,Role_0
User_2015,Role_0
User_2051,Role_0
User_2058,Role_0
User_2064,Role_0
User_2072,Role_0
User_2075,Role_0
User_2080,Role_0
User_2088,Role_0
User_2091,Role_0
User_2119,Role_0
User_2129,Role_0
User_2141,Role_0
User_2145,Role_0
User_2149,Role_0
User_2161,Role_0
User_2164,Role_0
User_2170,Role_0
User_2175,Role_0
User_2176,Role_0
User_2188,Role_0
User_2189,Role_0
User_2198,Role_0
User_2200,Role_0
User_2210,Role_0
User_2213,Role_0
User_2219,Role_0
User_2233,Role_0
User_2239,Role_0
User_2249,Role_0
User_2251,Role_0
User_2254,Role_0
User_2255,Role_0
User_2258,Role_0
User_2270,Role_0
User_2271,Role_0
User_2276,Role_0
User_2280,Role_0
User_2301,Role_0
User_2303,Role_0
User_2309,Role_0
User_2311,Role_0
User_2312,Role_0
User_2324,Role_0
User_2342,Role_0
User_2386,Role_0
User_2391,Role_0
User_2402,Role_0
User_2416,Role_0
User_2450,Role_0
User_2455,Role_0
User_2460,Role_0
User_2461,Role_0
User_2462,Role_0
User_2464,Role_0
User_2469,Role_0
User_2476,Role_0
User_2480,Role_0
User_2485,Role_0
User_2492,Role_0
User_2510,Role_0
User_2511,Role_0
User_2521,Role_0
User_2522,Role_0
User_2528,Role_0
User_2534,Role_0
User_2547,Role_0
User_2549,Role_0
User_2552,Role_0
User_2556,Role_0
User_2558,Role_0
User_2565,Role_0
User_2567,Role_0
User_2569,Role_0
User_2570,Role_0
User_2573,Role_0
User_2577,Role_0
User_2579,Role_0
User_2595,Role_0
User_2614,Role_0
User_2626,Role_0
User_2632,Role_0
User_2649,Role_0
User_2654,Role_0
User_2672,Role_0
User_2676,Role_0
User_2681,Role_0
User_2683,Role_0
User_2712,Role_0
User_2720,Role_0
User_2728,Role_0
User_2730,Role_0
User_2746,Role_0
User_2762,Role_0
User_2768,Role_0
User_2797,Role_0
User_2830,Role_0
User_2834,Role_0
User_2844,Role_0
User_2856,Role_0
User_2860,Role_0
User_2890,Role_0
User_2904,Role_0
User_2905,Role_0
User_2915,Role_0
User_2920,Role_0
User_2926,Role_0
User_2930,Role_0
User_2934,Role_0
User_2948,Role_0
User_2959,Role_0
User_2964,Role_0
User_2968,Role_0
User_2981,Role_0
User_2982,Role_0
User_3010,Role_0
User_3021,Role_0
User_3024,Role_0
User_3035,Role_0
User_3053,Role_0
User_3071,Role_0
User_3074,Role_0
User_3076,Role_0
User_3079,Role_0
User_3080,Role_0
User_3083,Role_0
User_3093,Role_0
User_3120,Role_0
User_3133,Role_0
User_3136,Role_0
User_3137,Role_0
User_3141,Role_0
User_3150,Role_0
User_3155,Role_0
User_3159,Role_0
User_3162,Role_0
User_3163,Role_0
User_3172,Role_0
User_3177,Role_0
User_3193,Role_0
User_3204,Role_0
User_3209,Role_0
User_3237,Role_0
User_3260,Role_0
User_3263,Role_0
User_3267,Role_0
User_3272,Role_0
User_3273,Role_0
User_3275,Role_0
User_3279,Role_0
User_3286,Role_0
User_3293,Role_0
User_3298,Role_0
User_3315,Role_0
User_3331,Role_0
User_3343,Role_0
User_3365,Role_0
User_3408,Role_0
User_3409,Role_0
User_3413,Role_0
User_3420,Role_0
User_3439,Role_0
User_3442,Role_0
User_3444,Role_0
User_3452,Role_0
User_3462,Role_0
User_3463,Role_0
User_3470,Role_0
User_3476,Role_0
User_3489,Role_0
User_3491,Role_0
User_3496,Role_0
User_3502,Role_0
User_3517,Role_0
User_3521,Role_0
User_3524,Role_0
User_3531,Role_0
User_3573,Role_0
User_3591,Role_0
User_3604,Role_0
User_3606,Role_0
User_3621,Role_0
User_3634,Role_0
User_3639,Role_0
User_3648,Role_0
User_3649,Role_0
User_3659,Role_0
User_3665,Role_0
User_3681,Role_0
User_3717,Role_0
User_3725,Role_0
User_3726,Role_0
User_3731,Role_0
User_3737,Role_0
User_3759,Role_0
User_3764,Role_0
User_3766,Role_0
User_3774,Role_0
User_3786,Role_0
User_3793,Role_0
User_3796,Role_0
User_3808,Role_0
User_3818,Role_0
User_3830,Role_0
User_3847,Role_0
User_3860,Role_0
User_3864,Role_0
User_3873,Role_0
User_3876,Role_0
User_3881,Role_0
User_3882,Role_0
User_3895,Role_0
User_3901,Role_0
User_3915,Role_0
User_3936,Role_0
User_3939,Role_0
User_3946,Role_0
User_3955,Role_0
User_3958,Role_0
User_3976,Role_0
User_3977,Role_0
User_3982,Role_0
User_3983,Role_0
User_3997,Role_0
User_4008,Role_0
User_4010,Role_0
User_4023,Role_0
User_4024,Role_0
User_4033,Role_0
User_4039,Role_0
User_4042,Role_0
User_4051,Role_0
User_4057,Role_0
User_4059,Role_0
User_4080,Role_0
User_4083,Role_0
User_4086,Role_0
User_4090,Role_0
User_4094,Role_0
User_4103,Role_0
User_4120,Role_0
User_4128,Role_0
User_4134,Role_0
User_4142,Role_0
User_4187,Role_0
User_4189,Role_0
User_4191,Role_0
User_4206,Role_0
User_4215,Role_0
User_4216,Role_0
User_4221,Role_0
User_4223,Role_0
User_4229,Role_0
User_4236,Role_0
User_4243,Role_0
User_4247,Role_0
User_4251,Role_0
User_4255,Role_0
User_4267,Role_0
User_4280,Role_0
User_4288,Role_0
User_4290,Role_0
User_4300,Role_0
User_4308,Role_0
User_4310,Role_0
User_4314,Role_0
User_4327,Role_0
User_4334,Role_0
User_4344,Role_0
User_4345,Role_0
User_4355,Role_0
User_4379,Role_0
User_4385,Role_0
User_4387,Role_0
User_4393,Role_0
User_4398,Role_0
User_4403,Role_0
User_4413,Role_0
User_4420,Role_0
User_4425,Role_0
User_4433,Role_0
User_4445,Role_0
User_4463,Role_0
User_4468,Role_0
User_4473,Role_0
User_4475,Role_0
User_4506,Role_0
User_4518,Role_0
User_4522,Role_0
User_4543,Role_0
User_4547,Role_0
User_4551,Role_0
User_4557,Role_0
User_4565,Role_0
User_4569,Role_0
User_4574,Role_0
User_4577,Role_0
User_4597,Role_0
User_4599,Role_0
User_4601,Role_0
User_4606,Role_0
User_4611,Role_0
User_4615,Role_0
User_4629,Role_0
User_4632,Role_0
User_4633,Role_0
User_4639,Role_0
User_4647,Role_0
User_4672,Role_0
User_4678,Role_0
User_4695,Role_0
User_4720,Role_0
User_4725,Role_0
User_4731,Role_0
User_4736,Role_0
User_4751,Role_0
User_4752,Role_0
User_4758,Role_0
User_4775,Role_0
User_4790,Role_0
User_4791,Role_0
User_4795,Role_0
User_4802,Role_0
User_4816,Role_0
User_4823,Role_0
User_4833,Role_0
User_4843,Role_0
User_4850,Role_0
User_4862,Role_0
User_4863,Role_0
User_4870,Role_0
User_4873,Role_0
User_4877,Role_0
User_4897,Role_0
User_4918,Role_0
User_4928,Role_0
User_4960,Role_0
User_4967,Role_0
User_4977,Role_0
User_4979,Role_0
User_4982,Role_0
User_4984,Role_0
User_4992,Role_0
User_4998,Role_0
User_35,Role_1
User_42,Role_1
User_43,Role_1
User_44,Role_1
User_47,Role_1
User_78,Role_1
User_87,Role_1
User_98,Role_1
User_110,Role_1
User_115,Role_1
User_123,Role_1
User_128,Role_1
User_131,Role_1
User_133,Role_1
User_139,Role_1
User_150,Role_1
User_165,Role_1
User_169,Role_1
User_175,Role_1
User_187,Role_1
User_196,Role_1
User_197,Role_1
User_212,Role_1
User_221,Role_1
User_223,Role_1
User_237,Role_1
User_239,Role_1
User_245,Role_1
User_263,Role_1
User_283,Role_1
User_290,Role_1
User_293,Role_1
User_294,Role_1
User_296,Role_1
User_306,Role_1
User_307,Role_1
User_331,Role_1
User_337,Role_1
User_351,Role_1
User_363,Role_1
User_388,Role_1
User_402,Role_1
User_410,Role_1
User_415,Role_1
User_419,Role_1
User_434,Role_1
User_445,Role_1
User_457,Role_1
User_463,Role_1
User_466,Role_1
User_474,Role_1
User_479,Role_1
User_487,Role_1
User_489,Role_1
User_503,Role_1
User_517,Role_1
User_528,Role_1
User_533,Role_1
User_537,Role_1
User_541,Role_1
User_553,Role_1
User_561,Role_1
User_565,Role_1
User_566,Role_1
User_579,Role_1
User_585,Role_1
User_590,Role_1
User_592,Role_1
User_593,Role_1
User_598,Role_1
User_608,Role_1
User_611,Role_1
User_616,Role_1
User_624,Role_1
User_626,Role_1
User_630,Role_1
User_668,Role_1
User_674,Role_1
User_697,Role_1
User_698,Role_1
User_720,Role_1
User_722,Role_1
User_746,Role_1
User_754,Role_1
User_758,Role_1
User_763,Role_1
User_772,Role_1
User_777,Role_1
User_780,Role_1
User_783,Role_1
User_795,Role_1
User_810,Role_1
User_813,Role_1
User_818,Role_1
User_829,Role_1
User_858,Role_1
User_874,Role_1
User_879,Role_1
User_904,Role_1
User_915,Role_1
User_928,Role_1
User_941,Role_1
User_944,Role_1
User_947,Role_1
User_955,Role_1
User_961,Role_1
User_970,Role_1
User_971,Role_1
User_975,Role_1
User_986,Role_1
User_990,Role_1
User_991,Role_1
User_997,Role_1
User_998,Role_1
User_1008,Role_1
User_1013,Role_1
User_1017,Role_1
User_1036,Role_1
User_1039,Role_1
User_1040,Role_1
User_1043,Role_1
User_1059,Role_1
User_1064,Role_1
User_1078,Role_1
User_1079,Role_1
User_1102,Role_1
User_1125,Role_1
User_1132,Role_1
User_1133,Role_1
User_1141,Role_1
User_1161,Role_1
User_1163,Role_1
User_1175,Role_1
User_1183,Role_1
User_1197,Role_1
User_1206,Role_1
User_1226,Role_1
User_1227,Role_1
User_1235,Role_1
User_1250,Role_1
User_1258,Role_1
User_1259,Role_1
User_1264,Role_1
User_1265,Role_1
User_1266,Role_1
User_1287,Role_1
User_1292,Role_1
User_1305,Role_1
User_1307,Role_1
User_1330,Role_1
User_1344,Role_1
User_1346,Role_1
User_1358,Role_1
User_1359,Role_1
User_1364,Role_1
User_1366,Role_1
User_1369,Role_1
User_1376,Role_1
User_1382,Role_1
User_1428,Role_1
User_1430,Role_1
User_1445,Role_1
User_1493,Role_1
User_1496,Role_1
User_1501,Role_1
User_1502,Role_1
User_1504,Role_1
User_1511,Role_1
User_1517,Role_1
User_1520,Role_1
User_1537,Role_1
User_1556,Role_1
User_1560,Role_1
User_1566,Role_1
User_1572,Role_1
User_1581,Role_1
User_1584,Role_1
User_1585,Role_1
User_1590,Role_1
User_1600,Role_1
User_1602,Role_1
User_1622,Role_1
User_1623,Role_1
User_1630,Role_1
User_1633,Role_1
User_1638,Role_1
User_1645,Role_1
User_1651,Role_1
User_1667,Role_1
User_1678,Role_1
User_1693,Role_1
User_1694,Role_1
User_1717,Role_1
User_1724,Role_1
User_1726,Role_1
User_1735,Role_1
User_1750,Role_1
User_1751,Role_1
User_1752,Role_1
User_1763,Role_1
User_1774,Role_1
User_1782,Role_1
User_1784,Role_1
User_1799,Role_1
User_1804,Role_1
User_1815,Role_1
User_1817,Role_1
User_1828,Role_1
User_1833,Role_1
User_1838,Role_1
User_1843,Role_1
User_1852,Role_1
User_1861,Role_1
User_1865,Role_1
User_1874,Role_1
User_1882,Role_1
User_1909,Role_1
User_1935,Role_1
User_1943,Role_1
User_1944,Role_1
User_1962,Role_1
User_1999,Role_1
User_2001,Role_1
User_2005,Role_1
User_2009,Role_1
User_2014,Role_1
User_2017,Role_1
User_2025,Role_1
User_2050,Role_1
User_2060,Role_1
User_2066,Role_1
User_2081,Role_1
User_2084,Role_1
User_2089,Role_1
User_2090,Role_1
User_2092,Role_1
User_2099,Role_1
User_2103,Role_1
User_2106,Role_1
User_2110,Role_1
User_2124,Role_1
User_2127,Role_1
User_2130,Role_1
User_2131,Role_1
User_2138,Role_1
User_2156,Role_1
User_2174,Role_1
User_2179,Role_1
User_2184,Role_1
User_2195,Role_1
User_2197,Role_1
User_2204,Role_1
User_2207,Role_1
User_2216,Role_1
User_2230,Role_1
User_2231,Role_1
User_2238,Role_1
User_2262,Role_1
User_2277,Role_1
User_2281,Role_1
User_2286,Role_1
User_2310,Role_1
User_2316,Role_1
User_2329,Role_1
User_2337,Role_1
User_2341,Role_1
User_2355,Role_1
User_2364,Role_1
User_2367,Role_1
User_2374,Role_1
User_2376,Role_1
User_2383,Role_1
User_2401,Role_1
User_2414,Role_1
User_2431,Role_1
User_2435,Role_1
User_2457,Role_1
User_2458,Role_1
User_2471,Role_1
User_2473,Role_1
User_2477,Role_1
User_2487,Role_1
User_2491,Role_1
User_2501,Role_1
User_2504,Role_1
User_2512,Role_1
User_2513,Role_1
User_2546,Role_1
User_2548,Role_1
User_2593,Role_1
User_2604,Role_1
User_2606,Role_1
User_2613,Role_1
User_2622,Role_1
User_2629,Role_1
User_2644,Role_1
User_2646,Role_1
User_2648,Role_1
User_2650,Role_1
User_2665,Role_1
User_2671,Role_1
User_2688,Role_1
User_2696,Role_1
User_2713,Role_1
User_2716,Role_1
User_2742,Role_1
User_2745,Role_1
User_2747,Role_1
User_2770,Role_1
User_2775,Role_1
User_2781,Role_1
User_2783,Role_1
User_2790,Role_1
User_2791,Role_1
User_2827,Role_1
User_2846,Role_1
User_2859,Role_1
User_2861,Role_1
User_2865,Role_1
User_2874,Role_1
User_2882,Role_1
User_2884,Role_1
User_2891,Role_1
User_2896,Role_1
User_2907,Role_1
User_2913,Role_1
User_2940,Role_1
User_2951,Role_1
User_2954,Role_1
User_2969,Role_1
User_2985,Role_1
User_3030,Role_1
User_3043,Role_1
User_3054,Role_1
User_3067,Role_1
User_3075,Role_1
User_3097,Role_1
User_3106,Role_1
User_3114,Role_1
User_3121,Role_1
User_3126,Role_1
User_3129,Role_1
User_3158,Role_1
User_3160,Role_1
User_3229,Role_1
User_3234,Role_1
User_3235,Role_1
User_3252,Role_1
User_3254,Role_1
User_3256,Role_1
User_3258,Role_1
User_3264,Role_1
User_3283,Role_1
User_3285,Role_1
User_3288,Role_1
User_3311,Role_1
User_3322,Role_1
User_3333,Role_1
User_3338,Role_1
User_3350,Role_1
User_3351,Role_1
User_3352,Role_1
User_3358,Role_1
User_3373,Role_1
User_3391,Role_1
User_3394,Role_1
User_3395,Role_1
User_3396,Role_1
User_3405,Role_1
User_3406,Role_1
User_3416,Role_1
User_3423,Role_1
User_3424,Role_1
User_3431,Role_1
User_3435,Role_1
User_3449,Role_1
User_3457,Role_1
User_3471,Role_1
User_3474,Role_1
User_3495,Role_1
User_3501,Role_1
User_3503,Role_1
User_3504,Role_1
User_3509,Role_1
User_3516,Role_1
User_3520,Role_1
User_3536,Role_1
User_3548,Role_1
User_3555,Role_1
User_3567,Role_1
User_3570,Role_1
User_3589,Role_1
User_3592,Role_1
User_3599,Role_1
User_3614,Role_1
User_3626,Role_1
User_3641,Role_1
User_3652,Role_1
User_3655,Role_1
User_3671,Role_1
User_3672,Role_1
User_3675,Role_1
User_3692,Role_1
User_3704,Role_1
User_3711,Role_1
User_3715,Role_1
User_3722,Role_1
User_3728,Role_1
User_3749,Role_1
User_3758,Role_1
User_3770,Role_1
User_3776,Role_1
User_3783,Role_1
User_3784,Role_1
User_3785,Role_1
User_3787,Role_1
User_3791,Role_1
User_3797,Role_1
User_3800,Role_1
User_3805,Role_1
User_3806,Role_1
User_3826,Role_1
User_3834,Role_1
User_3837,Role_1
User_3839,Role_1
User_3841,Role_1
User_3842,Role_1
User_3859,Role_1
User_3883,Role_1
User_3885,Role_1
User_3888,Role_1
User_3891,Role_1
User_3893,Role_1
User_3902,Role_1
User_3928,Role_1
User_3959,Role_1
User_3962,Role_1
User_3963,Role_1
User_3973,Role_1
User_3994,Role_1
User_3998,Role_1
User_4002,Role_1
User_4011,Role_1
User_4022,Role_1
User_4031,Role_1
User_4048,Role_1
User_4049,Role_1
User_4068,Role_1
User_4073,Role_1
User_4075,Role_1
User_4079,Role_1
User_4099,Role_1
User_4102,Role_1
User_4104,Role_1
User_4110,Role_1
User_4111,Role_1
User_4115,Role_1
User_4116,Role_1
User_4125,Role_1
User_4126,Role_1
User_4130,Role_1
User_4131,Role_1
User_4138,Role_1
User_4140,Role_1
User_4151,Role_1
User_4184,Role_1
User_4194,Role_1
User_4203,Role_1
User_4218,Role_1
User_4222,Role_1
User_4228,Role_1
User_4248,Role_1
User_4275,Role_1
User_4293,Role_1
User_4296,Role_1
User_4312,Role_1
User_4340,Role_1
User_4342,Role_1
User_4353,Role_1
User_4378,Role_1
User_4407,Role_1
User_4417,Role_1
User_4426,Role_1
User_4443,Role_1
User_4466,Role_1
User_4472,Role_1
User_4485,Role_1
User_4490,Role_1
User_4492,Role_1
User_4503,Role_1
User_4517,Role_1
User_4531,Role_1
User_4535,Role_1
User_4540,Role_1
User_4541,Role_1
User_4548,Role_1
User_4556,Role_1
User_4561,Role_1
User_4580,Role_1
User_4584,Role_1
User_4602,Role_1
User_4616,Role_1
User_4626,Role_1
User_4628,Role_1
User_4635,Role_1
User_4646,Role_1
User_4656,Role_1
User_4664,Role_1
User_4669,Role_1
User_4671,Role_1
User_4677,Role_1
User_4693,Role_1
User_4700,Role_1
User_4715,Role_1
User_4717,Role_1
User_4724,Role_1
User_4733,Role_1
User_4734,Role_1
User_4741,Role_1
User_4761,Role_1
User_4764,Role_1
User_4768,Role_1
User_4780,Role_1
User_4782,Role_1
User_4784,Role_1
User_4786,Role_1
User_4792,Role_1
User_4804,Role_1
User_4809,Role_1
User_4824,Role_1
User_4830,Role_1
User_4841,Role_1
User_4864,Role_1
User_4869,Role_1
User_4887,Role_1
User_4892,Role_1
User_4893,Role_1
User_4915,Role_1
User_4916,Role_1
User_4929,Role_1
User_4932,Role_1
User_4964,Role_1
User_4974,Role_1
User_4988,Role_1
User_2,Role_2
User_5,Role_2
User_11,Role_2
User_13,Role_2
User_14,Role_2
User_17,Role_2
User_25,Role_2
User_26,Role_2
User_28,Role_2
User_38,Role_2
User_51,Role_2
User_53,Role_2
User_54,Role_2
User_56,Role_2
User_58,Role_2
User_61,Role_2
User_63,Role_2
User_72,Role_2
User_74,Role_2
User_77,Role_2
User_81,Role_2
User_86,Role_2
User_89,Role_2
User_95,Role_2
User_96,Role_2
User_97,Role_2
User_101,Role_2
User_104,Role_2
User_113,Role_2
User_118,Role_2
User_119,Role_2
User_121,Role_2
User_124,Role_2
User_129,Role_2
User_130,Role_2
User_134,Role_2
User_138,Role_2
User_140,Role_2
User_141,Role_2
User_142,Role_2
User_143,Role_2
User_145,Role_2
User_147,Role_2
User_162,Role_2
User_171,Role_2
User_173,Role_2
User_177,Role_2
User_181,Role_2
User_186,Role_2
User_190,Role_2
User_191,Role_2
User_198,Role_2
User_199,Role_2
User_204,Role_2
User_206,Role_2
User_210,Role_2
User_216,Role_2
User_218,Role_2
User_219,Role_2
User_220,Role_2
User_225,Role_2
User_227,Role_2
User_229,Role_2
User_232,Role_2
User_233,Role_2
User_235,Role_2
User_238,Role_2
User_240,Role_2
User_241,Role_2
User_243,Role_2
User_249,Role_2
User_252,Role_2
User_254,Role_2
User_255,Role_2
User_258,Role_2
User_264,Role_2
User_270,Role_2
User_274,Role_2
User_276,Role_2
User_279,Role_2
User_284,Role_2
User_288,Role_2
User_305,Role_2
User_309,Role_2
User_311,Role_2
User_312,Role_2
User_315,Role_2
User_318,Role_2
User_327,Role_2
User_328,Role_2
User_334,Role_2
User_338,Role_2
User_343,Role_2
User_344,Role_2
User_346,Role_2
User_352,Role_2
User_353,Role_2
User_354,Role_2
User_361,Role_2
User_362,Role_2
User_365,Role_2
User_367,Role_2
User_369,Role_2
User_375,Role_2
User_376,Role_2
User_378,Role_2
User_379,Role_2
User_381,Role_2
User_389,Role_2
User_390,Role_2
User_397,Role_2
User_398,Role_2
User_401,Role_2
User_409,Role_2
User_417,Role_2
User_420,Role_2
User_424,Role_2
User_425,Role_2
User_426,Role_2
User_437,Role_2
User_446,Role_2
User_447,Role_2
User_449,Role_2
User_456,Role_2
User_461,Role_2
User_468,Role_2
User_471,Role_2
User_472,Role_2
User_475,Role_2
User_480,Role_2
User_481,Role_2
User_482,Role_2
User_483,Role_2
User_484,Role_2
User_490,Role_2
User_493,Role_2
User_501,Role_2
User_504,Role_2
User_505,Role_2
User_508,Role_2
User_511,Role_2
User_515,Role_2
User_519,Role_2
User_522,Role_2
User_531,Role_2
User_535,Role_2
User_539,Role_2
User_540,Role_2
User_542,Role_2
User_544,Role_2
User_549,Role_2
User_554,Role_2
User_567,Role_2
User_571,Role_2
User_572,Role_2
User_574,Role_2
User_577,Role_2
User_580,Role_2
User_586,Role_2
User_604,Role_2
User_605,Role_2
User_606,Role_2
User_607,Role_2
User_609,Role_2
User_612,Role_2
User_613,Role_2
User_615,Role_2
User_618,Role_2
User_621,Role_2
User_622,Role_2
User_629,Role_2
User_632,Role_2
User_634,Role_2
User_635,Role_2
User_636,Role_2
User_638,Role_2
User_639,Role_2
User_644,Role_2
User_645,Role_2
User_646,Role_2
User_649,Role_2
User_650,Role_2
User_653,Role_2
User_662,Role_2
User_672,Role_2
User_673,Role_2
User_679,Role_2
User_685,Role_2
User_689,Role_2
User_691,Role_2
User_694,Role_2
User_695,Role_2
User_699,Role_2
User_705,Role_2
User_706,Role_2
User_707,Role_2
User_710,Role_2
User_711,Role_2
User_712,Role_2
User_726,Role_2
User_732,Role_2
User_735,Role_2
User_743,Role_2
User_750,Role_2
User_753,Role_2
User_755,Role_2
User_756,Role_2
User_759,Role_2
User_760,Role_2
User_764,Role_2
User_768,Role_2
User_773,Role_2
User_776,Role_2
User_778,Role_2
User_784,Role_2
User_786,Role_2
User_789,Role_2
User_794,Role_2
User_808,Role_2
User_812,Role_2
User_814,Role_2
User_816,Role_2
User_820,Role_2
User_822,Role_2
User_823,Role_2
User_835,Role_2
User_839,Role_2
User_841,Role_2
User_852,Role_2
User_853,Role_2
User_855,Role_2
User_862,Role_2
User_867,Role_2
User_868,Role_2
User_869,Role_2
User_872,Role_2
User_876,Role_2
User_880,Role_2
User_885,Role_2
User_892,Role_2
User_900,Role_2
User_903,Role_2
User_906,Role_2
User_908,Role_2
User_922,Role_2
User_923,Role_2
User_925,Role_2
User_930,Role_2
User_931,Role_2
User_932,Role_2
User_934,Role_2
User_936,Role_2
User_937,Role_2
User_942,Role_2
User_946,Role_2
User_950,Role_2
User_952,Role_2
User_954,Role_2
User_956,Role_2
User_957,Role_2
User_960,Role_2
User_962,Role_2
User_964,Role_2
User_965,Role_2
User_966,Role_2
User_976,Role_2
User_978,Role_2
User_983,Role_2
User_988,Role_2
User_994,Role_2
User_1010,Role_2
User_1011,Role_2
User_1012,Role_2
User_1014,Role_2
User_1016,Role_2
User_1018,Role_2
User_1021,Role_2
User_1023,Role_2
User_1026,Role_2
User_1028,Role_2
User_1031,Role_2
User_1033,Role_2
User_1035,Role_2
User_1038,Role_2
User_1041,Role_2
User_1042,Role_2
User_1047,Role_2
User_1048,Role_2
User_1050,Role_2
User_1054,Role_2
User_1061,Role_2
User_1065,Role_2
User_1066,Role_2
User_1068,Role_2
User_1069,Role_2
User_1072,Role_2
User_1074,Role_2
User_1083,Role_2
User_1085,Role_2
User_1087,Role_2
User_1090,Role_2
User_1091,Role_2
User_1093,Role_2
User_1098,Role_2
User_1099,Role_2
User_1105,Role_2
User_1108,Role_2
User_1114,Role_2
User_1117,Role_2
User_1120,Role_2
User_1130,Role_2
User_1138,Role_2
User_1139,Role_2
User_1140,Role_2
User_1143,Role_2
User_1145,Role_2
User_1148,Role_2
User_1150,Role_2
User_1162,Role_2
User_1166,Role_2
User_1173,Role_2
User_1174,Role_2
User_1176,Role_2
User_1180,Role_2
User_1186,Role_2
User_1192,Role_2
User_1208,Role_2
User_1211,Role_2
User_1216,Role_2
User_1218,Role_2
User_1233,Role_2
User_1241,Role_2
User_1248,Role_2
User_1251,Role_2
User_1262,Role_2
User_1263,Role_2
User_1267,Role_2
User_1270,Role_2
User_1275,Role_2
User_1279,Role_2
User_1283,Role_2
User_1284,Role_2
User_1289,Role_2
User_1290,Role_2
User_1293,Role_2
User_1298,Role_2
User_1302,Role_2
User_1306,Role_2
User_1310,Role_2
User_1314,Role_2
User_1324,Role_2
User_1325,Role_2
User_1327,Role_2
User_1334,Role_2
User_1336,Role_2
User_1337,Role_2
User_1339,Role_2
User_1342,Role_2
User_1343,Role_2
User_1345,Role_2
User_1347,Role_2
User_1352,Role_2
User_1353,Role_2
User_1360,Role_2
User_1362,Role_2
User_1363,Role_2
User_1365,Role_2
User_1367,Role_2
User_1368,Role_2
User_1372,Role_2
User_1375,Role_2
User_1380,Role_2
User_1381,Role_2
User_1383,Role_2
User_1391,Role_2
User_1394,Role_2
User_1398,Role_2
User_1400,Role_2
User_1407,Role_2
User_1410,Role_2
User_1413,Role_2
User_1414,Role_2
User_1416,Role_2
User_1422,Role_2
User_1423,Role_2
User_1439,Role_2
User_1442,Role_2
User_1446,Role_2
User_1450,Role_2
User_1455,Role_2
User_1463,Role_2
User_1465,Role_2
User_1466,Role_2
User_1470,Role_2
User_1471,Role_2
User_1473,Role_2
User_1474,Role_2
User_1477,Role_2
User_1479,Role_2
User_1485,Role_2
User_1488,Role_2
User_1497,Role_2
User_1505,Role_2
User_1507,Role_2
User_1509,Role_2
User_1514,Role_2
User_1521,Role_2
User_1529,Role_2
User_1531,Role_2
User_1532,Role_2
User_1536,Role_2
User_1538,Role_2
User_1543,Role_2
User_1544,Role_2
User_1545,Role_2
User_1549,Role_2
User_1553,Role_2
User_1554,Role_2
User_1565,Role_2
User_1570,Role_2
User_1573,Role_2
User_1579,Role_2
User_1583,Role_2
User_1588,Role_2
User_1597,Role_2
User_1599,Role_2
User_1601,Role_2
User_1603,Role_2
User_1616,Role_2
User_1617,Role_2
User_1628,Role_2
User_1629,Role_2
User_1631,Role_2
User_1632,Role_2
User_1636,Role_2
User_1641,Role_2
User_1653,Role_2
User_1663,Role_2
User_1664,Role_2
User_1671,Role_2
User_1674,Role_2
User_1675,Role_2
User_1681,Role_2
User_1684,Role_2
User_1687,Role_2
User_1692,Role_2
User_1696,Role_2
User_1698,Role_2
User_1700,Role_2
User_1701,Role_2
User_1702,Role_2
User_1705,Role_2
User_1708,Role_2
User_1712,Role_2
User_1713,Role_2
User_1714,Role_2
User_1716,Role_2
User_1721,Role_2
User_1727,Role_2
User_1730,Role_2
User_1732,Role_2
User_1739,Role_2
User_1740,Role_2
User_1743,Role_2
User_1745,Role_2
User_1746,Role_2
User_1753,Role_2
User_1758,Role_2
User_1769,Role_2
User_1776,Role_2
User_1791,Role_2
User_1793,Role_2
User_1795,Role_2
User_1801,Role_2
User_1805,Role_2
User_1810,Role_2
User_1813,Role_2
User_1818,Role_2
User_1820,Role_2
User_1821,Role_2
User_1822,Role_2
User_1827,Role_2
User_1831,Role_2
User_1835,Role_2
User_1844,Role_2
User_1847,Role_2
User_1850,Role_2
User_1867,Role_2
User_1871,Role_2
User_1872,Role_2
User_1879,Role_2
User_1881,Role_2
User_1886,Role_2
User_1887,Role_2
User_1889,Role_2
User_1896,Role_2
User_1897,Role_2
User_1901,Role_2
User_1902,Role_2
User_1903,Role_2
User_1908,Role_2
User_1910,Role_2
User_1911,Role_2
User_1918,Role_2
User_1920,Role_2
User_1922,Role_2
User_1927,Role_2
User_1929,Role_2
User_1930,Role_2
User_1931,Role_2
User_1932,Role_2
User_1933,Role_2
User_1934,Role_2
User_1938,Role_2
User_1941,Role_2
User_1942,Role_2
User_1945,Role_2
User_1947,Role_2
User_1952,Role_2
User_1955,Role_2
User_1964,Role_2
User_1966,Role_2
User_1967,Role_2
User_1970,Role_2
User_1976,Role_2
User_1979,Role_2
User_1980,Role_2
User_1984,Role_2
User_1988,Role_2
User_1989,Role_2
User_1991,Role_2
User_1997,Role_2
User_2000,Role_2
User_2003,Role_2
User_2019,Role_2
User_2020,Role_2
User_2029,Role_2
User_2034,Role_2
User_2035,Role_2
User_2039,Role_2
User_2040,Role_2
User_2041,Role_2
User_2049,Role_2
User_2055,Role_2
User_2056,Role_2
User_2062,Role_2
User_2074,Role_2
User_2083,Role_2
User_2093,Role_2
User_2097,Role_2
User_2100,Role_2
User_2101,Role_2
User_2111,Role_2
User_2112,Role_2
User_2115,Role_2
User_2117,Role_2
User_2121,Role_2
User_2125,Role_2
User_2126,Role_2
User_2128,Role_2
User_2133,Role_2
User_2137,Role_2
User_2140,Role_2
User_2143,Role_2
User_2147,Role_2
User_2154,Role_2
User_2157,Role_2
User_2159,Role_2
User_2160,Role_2
User_2165,Role_2
User_2166,Role_2
User_2168,Role_2
User_2171,Role_2
User_2172,Role_2
User_2173,Role_2
User_2180,Role_2
User_2182,Role_2
User_2186,Role_2
User_2187,Role_2
User_2190,Role_2
User_2191,Role_2
User_2192,Role_2
User_2194,Role_2
User_2199,Role_2
User_2202,Role_2
User_2203,Role_2
User_2211,Role_2
User_2212,Role_2
User_2217,Role_2
User_2218,Role_2
User_2220,Role_2
User_2225,Role_2
User_2226,Role_2
User_2228,Role_2
User_2236,Role_2
User_2241,Role_2
User_2243,Role_2
User_2247,Role_2
User_2248,Role_2
User_2252,Role_2
User_2263,Role_2
User_2268,Role_2
User_2272,Role_2
User_2275,Role_2
User_2278,Role_2
User_2283,Role_2
User_2287,Role_2
User_2289,Role_2
User_2293,Role_2
User_2297,Role_2
User_2298,Role_2
User_2299,Role_2
User_2300,Role_2
User_2302,Role_2
User_2305,Role_2
User_2306,Role_2
User_2308,Role_2
User_2317,Role_2
User_2318,Role_2
User_2320,Role_2
User_2321,Role_2
User_2325,Role_2
User_2328,Role_2
User_2334,Role_2
User_2338,Role_2
User_2339,Role_2
User_2340,Role_2
User_2343,Role_2
User_2345,Role_2
User_2346,Role_2
User_2349,Role_2
User_2351,Role_2
User_2352,Role_2
User_2356,Role_2
User_2363,Role_2
User_2366,Role_2
User_2368,Role_2
User_2369,Role_2
User_2372,Role_2
User_2373,Role_2
User_2375,Role_2
User_2377,Role_2
User_2380,Role_2
User_2388,Role_2
User_2390,Role_2
User_2403,Role_2
User_2405,Role_2
User_2407,Role_2
User_2408,Role_2
User_2410,Role_2
User_2415,Role_2
User_2418,Role_2
User_2422,Role_2
User_2423,Role_2
User_2424,Role_2
User_2426,Role_2
User_2427,Role_2
User_2428,Role_2
User_2429,Role_2
User_2430,Role_2
User_2432,Role_2
User_2434,Role_2
User_2436,Role_2
User_2437,Role_2
User_2440,Role_2
User_2444,Role_2
User_2447,Role_2
User_2453,Role_2
User_2454,Role_2
User_2456,Role_2
User_2474,Role_2
User_2478,Role_2
User_2479,Role_2
User_2484,Role_2
User_2486,Role_2
User_2488,Role_2
User_2489,Role_2
User_2496,Role_2
User_2499,Role_2
User_2500,Role_2
User_2503,Role_2
User_2519,Role_2
User_2524,Role_2
User_2525,Role_2
User_2526,Role_2
User_2530,Role_2
User_2535,Role_2
User_2539,Role_2
User_2541,Role_2
User_2554,Role_2
User_2555,Role_2
User_2561,Role_2
User_2566,Role_2
User_2571,Role_2
User_2572,Role_2
User_2581,Role_2
User_2582,Role_2
User_2587,Role_2
User_2588,Role_2
User_2590,Role_2
User_2591,Role_2
User_2597,Role_2
User_2598,Role_2
User_2600,Role_2
User_2602,Role_2
User_2607,Role_2
User_2611,Role_2
User_2616,Role_2
User_2625,Role_2
User_2630,Role_2
User_2634,Role_2
User_2640,Role_2
User_2642,Role_2
User_2647,Role_2
User_2651,Role_2
User_2659,Role_2
User_2662,Role_2
User_2663,Role_2
User_2664,Role_2
User_2666,Role_2
User_2675,Role_2
User_2677,Role_2
User_2682,Role_2
User_2684,Role_2
User_2692,Role_2
User_2694,Role_2
User_2699,Role_2
User_2704,Role_2
User_2711,Role_2
User_2715,Role_2
User_2719,Role_2
User_2721,Role_2
User_2722,Role_2
User_2723,Role_2
User_2724,Role_2
User_2725,Role_2
User_2727,Role_2
User_2734,Role_2
User_2735,Role_2
User_2736,Role_2
User_2748,Role_2
User_2750,Role_2
User_2754,Role_2
User_2756,Role_2
User_2761,Role_2
User_2763,Role_2
User_2767,Role_2
User_2769,Role_2
User_2780,Role_2
User_2786,Role_2
User_2787,Role_2
User_2788,Role_2
User_2795,Role_2
User_2796,Role_2
User_2798,Role_2
User_2802,Role_2
User_2803,Role_2
User_2805,Role_2
User_2810,Role_2
User_2812,Role_2
User_2813,Role_2
User_2817,Role_2
User_2820,Role_2
User_2821,Role_2
User_2822,Role_2
User_2826,Role_2
User_2828,Role_2
User_2829,Role_2
User_2835,Role_2
User_2837,Role_2
User_2838,Role_2
User_2841,Role_2
User_2842,Role_2
User_2854,Role_2
User_2857,Role_2
User_2866,Role_2
User_2868,Role_2
User_2873,Role_2
User_2885,Role_2
User_2900,Role_2
User_2901,Role_2
User_2903,Role_2
User_2906,Role_2
User_2908,Role_2
User_2911,Role_2
User_2912,Role_2
User_2918,Role_2
User_2921,Role_2
User_2922,Role_2
User_2925,Role_2
User_2929,Role_2
User_2932,Role_2
User_2936,Role_2
User_2937,Role_2
User_2941,Role_2
User_2952,Role_2
User_2955,Role_2
User_2956,Role_2
User_2958,Role_2
User_2961,Role_2
User_2970,Role_2
User_2974,Role_2
User_2977,Role_2
User_2979,Role_2
User_2983,Role_2
User_3002,Role_2
User_3009,Role_2
User_3012,Role_2
User_3025,Role_2
User_3033,Role_2
User_3037,Role_2
User_3038,Role_2
User_3044,Role_2
User_3045,Role_2
User_3050,Role_2
User_3051,Role_2
User_3057,Role_2
User_3061,Role_2
User_3066,Role_2
User_3068,Role_2
User_3072,Role_2
User_3073,Role_2
User_3077,Role_2
User_3078,Role_2
User_3082,Role_2
User_3089,Role_2
User_3090,Role_2
User_3096,Role_2
User_3099,Role_2
User_3100,Role_2
User_3101,Role_2
User_3108,Role_2
User_3109,Role_2
User_3110,Role_2
User_3115,Role_2
User_3117,Role_2
User_3119,Role_2
User_3122,Role_2
User_3123,Role_2
User_3138,Role_2
User_3145,Role_2
User_3147,Role_2
User_3149,Role_2
User_3153,Role_2
User_3154,Role_2
User_3166,Role_2
User_3167,Role_2
User_3168,Role_2
User_3169,Role_2
User_3170,Role_2
User_3173,Role_2
User_3174,Role_2
User_3175,Role_2
User_3178,Role_2
User_3180,Role_2
User_3181,Role_2
User_3183,Role_2
User_3185,Role_2
User_3195,Role_2
User_3196,Role_2
User_3197,Role_2
User_3199,Role_2
User_3203,Role_2
User_3206,Role_2
User_3210,Role_2
User_3216,Role_2
User_3217,Role_2
User_3219,Role_2
User_3224,Role_2
User_3228,Role_2
User_3231,Role_2
User_3239,Role_2
User_3243,Role_2
User_3245,Role_2
User_3248,Role_2
User_3250,Role_2
User_3255,Role_2
User_3259,Role_2
User_3262,Role_2
User_3266,Role_2
User_3271,Role_2
User_3274,Role_2
User_3277,Role_2
User_3282,Role_2
User_3301,Role_2
User_3307,Role_2
User_3308,Role_2
User_3309,Role_2
User_3313,Role_2
User_3317,Role_2
User_3318,Role_2
User_3320,Role_2
User_3321,Role_2
User_3327,Role_2
User_3328,Role_2
User_3330,Role_2
User_3335,Role_2
User_3336,Role_2
User_3340,Role_2
User_3341,Role_2
User_3348,Role_2
User_3356,Role_2
User_3363,Role_2
User_3368,Role_2
User_3375,Role_2
User_3377,Role_2
User_3380,Role_2
User_3381,Role_2
User_3382,Role_2
User_3384,Role_2
User_3386,Role_2
User_3387,Role_2
User_3388,Role_2
User_3392,Role_2
User_3397,Role_2
User_3401,Role_2
User_3410,Role_2
User_3411,Role_2
User_3412,Role_2
User_3414,Role_2
User_3417,Role_2
User_3421,Role_2
User_3426,Role_2
User_3432,Role_2
User_3434,Role_2
User_3437,Role_2
User_3438,Role_2
User_3440,Role_2
User_3446,Role_2
User_3447,Role_2
User_3454,Role_2
User_3455,Role_2
User_3460,Role_2
User_3464,Role_2
User_3469,Role_2
User_3472,Role_2
User_3475,Role_2
User_3477,Role_2
User_3481,Role_2
User_3482,Role_2
User_3484,Role_2
User_3486,Role_2
User_3490,Role_2
User_3497,Role_2
User_3499,Role_2
User_3518,Role_2
User_3519,Role_2
User_3522,Role_2
User_3534,Role_2
User_3539,Role_2
User_3540,Role_2
User_3552,Role_2
User_3558,Role_2
User_3565,Role_2
User_3568,Role_2
User_3569,Role_2
User_3571,Role_2
User_3574,Role_2
User_3577,Role_2
User_3580,Role_2
User_3581,Role_2
User_3582,Role_2
User_3585,Role_2
User_3586,Role_2
User_3587,Role_2
User_3588,Role_2
User_3590,Role_2
User_3593,Role_2
User_3594,Role_2
User_3605,Role_2
User_3607,Role_2
User_3609,Role_2
User_3612,Role_2
User_3616,Role_2
User_3617,Role_2
User_3619,Role_2
User_3630,Role_2
User_3631,Role_2
User_3632,Role_2
User_3635,Role_2
User_3636,Role_2
User_3637,Role_2
User_3645,Role_2
User_3654,Role_2
User_3656,Role_2
User_3668,Role_2
User_3674,Role_2
User_3678,Role_2
User_3683,Role_2
User_3686,Role_2
User_3690,Role_2
User_3691,Role_2
User_3699,Role_2
User_3700,Role_2
User_3701,Role_2
User_3703,Role_2
User_3708,Role_2
User_3712,Role_2
User_3720,Role_2
User_3723,Role_2
User_3730,Role_2
User_3732,Role_2
User_3733,Role_2
User_3734,Role_2
User_3742,Role_2
User_3743,Role_2
User_3746,Role_2
User_3747,Role_2
User_3751,Role_2
User_3753,Role_2
User_3755,Role_2
User_3757,Role_2
User_3772,Role_2
User_3773,Role_2
User_3781,Role_2
User_3782,Role_2
User_3794,Role_2
User_3795,Role_2
User_3801,Role_2
User_3802,Role_2
User_3804,Role_2
User_3807,Role_2
User_3809,Role_2
User_3814,Role_2
User_3817,Role_2
User_3821,Role_2
User_3824,Role_2
User_3825,Role_2
User_3829,Role_2
User_3832,Role_2
User_3849,Role_2
User_3850,Role_2
User_3851,Role_2
User_3852,Role_2
User_3853,Role_2
User_3855,Role_2
User_3857,Role_2
User_3863,Role_2
User_3866,Role_2
User_3870,Role_2
User_3872,Role_2
User_3877,Role_2
User_3892,Role_2
User_3894,Role_2
User_3896,Role_2
User_3898,Role_2
User_3903,Role_2
User_3905,Role_2
User_3907,Role_2
User_3911,Role_2
User_3917,Role_2
User_3918,Role_2
User_3919,Role_2
User_3925,Role_2
User_3930,Role_2
User_3931,Role_2
User_3933,Role_2
User_3935,Role_2
User_3943,Role_2
User_3950,Role_2
User_3951,Role_2
User_3953,Role_2
User_3954,Role_2
User_3956,Role_2
User_3957,Role_2
User_3965,Role_2
User_3966,Role_2
User_3968,Role_2
User_3980,Role_2
User_3981,Role_2
User_3989,Role_2
User_3990,Role_2
User_3991,Role_2
User_3995,Role_2
User_3999,Role_2
User_4000,Role_2
User_4005,Role_2
User_4013,Role_2
User_4014,Role_2
User_4015,Role_2
User_4018,Role_2
User_4021,Role_2
User_4025,Role_2
User_4026,Role_2
User_4028,Role_2
User_4036,Role_2
User_4040,Role_2
User_4041,Role_2
User_4045,Role_2
User_4046,Role_2
User_4050,Role_2
User_4053,Role_2
User_4066,Role_2
User_4074,Role_2
User_4078,Role_2
User_4082,Role_2
User_4095,Role_2
User_4098,Role_2
User_4105,Role_2
User_4108,Role_2
User_4109,Role_2
User_4114,Role_2
User_4117,Role_2
User_4118,Role_2
User_4124,Role_2
User_4127,Role_2
User_4132,Role_2
User_4135,Role_2
User_4137,Role_2
User_4145,Role_2
User_4146,Role_2
User_4147,Role_2
User_4152,Role_2
User_4153,Role_2
User_4158,Role_2
User_4159,Role_2
User_4165,Role_2
User_4167,Role_2
User_4171,Role_2
User_4172,Role_2
User_4173,Role_2
User_4174,Role_2
User_4178,Role_2
User_4183,Role_2
User_4190,Role_2
User_4200,Role_2
User_4201,Role_2
User_4205,Role_2
User_4209,Role_2
User_4210,Role_2
User_4213,Role_2
User_4219,Role_2
User_4227,Role_2
User_4231,Role_2
User_4234,Role_2
User_4242,Role_2
User_4244,Role_2
User_4254,Role_2
User_4257,Role_2
User_4258,Role_2
User_4259,Role_2
User_4261,Role_2
User_4269,Role_2
User_4270,Role_2
User_4279,Role_2
User_4286,Role_2
User_4291,Role_2
User_4294,Role_2
User_4298,Role_2
User_4302,Role_2
User_4303,Role_2
User_4304,Role_2
User_4311,Role_2
User_4315,Role_2
User_4329,Role_2
User_4332,Role_2
User_4338,Role_2
User_4341,Role_2
User_4347,Role_2
User_4349,Role_2
User_4351,Role_2
User_4352,Role_2
User_4356,Role_2
User_4357,Role_2
User_4360,Role_2
User_4362,Role_2
User_4363,Role_2
User_4368,Role_2
User_4372,Role_2
User_4373,Role_2
User_4380,Role_2
User_4383,Role_2
User_4386,Role_2
User_4388,Role_2
User_4408,Role_2
User_4409,Role_2
User_4411,Role_2
User_4414,Role_2
User_4415,Role_2
User_4418,Role_2
User_4427,Role_2
User_4428,Role_2
User_4439,Role_2
User_4449,Role_2
User_4451,Role_2
User_4461,Role_2
User_4462,Role_2
User_4464,Role_2
User_4465,Role_2
User_4476,Role_2
User_4477,Role_2
User_4479,Role_2
User_4486,Role_2
User_4489,Role_2
User_4491,Role_2
User_4498,Role_2
User_4500,Role_2
User_4505,Role_2
User_4507,Role_2
User_4512,Role_2
User_4513,Role_2
User_4514,Role_2
User_4519,Role_2
User_4520,Role_2
User_4521,Role_2
User_4527,Role_2
User_4530,Role_2
User_4537,Role_2
User_4539,Role_2
User_4544,Role_2
User_4545,Role_2
User_4546,Role_2
User_4550,Role_2
User_4558,Role_2
User_4560,Role_2
User_4562,Role_2
User_4570,Role_2
User_4571,Role_2
User_4573,Role_2
User_4575,Role_2
User_4576,Role_2
User_4583,Role_2
User_4585,Role_2
User_4586,Role_2
User_4589,Role_2
User_4593,Role_2
User_4595,Role_2
User_4607,Role_2
User_4610,Role_2
User_4612,Role_2
User_4613,Role_2
User_4619,Role_2
User_4622,Role_2
User_4624,Role_2
User_4625,Role_2
User_4630,Role_2
User_4637,Role_2
User_4640,Role_2
User_4660,Role_2
User_4674,Role_2
User_4675,Role_2
User_4688,Role_2
User_4689,Role_2
User_4690,Role_2
User_4696,Role_2
User_4701,Role_2
User_4702,Role_2
User_4703,Role_2
User_4707,Role_2
User_4711,Role_2
User_4713,Role_2
User_4722,Role_2
User_4723,Role_2
User_4728,Role_2
User_4737,Role_2
User_4739,Role_2
User_4748,Role_2
User_4753,Role_2
User_4755,Role_2
User_4757,Role_2
User_4759,Role_2
User_4765,Role_2
User_4766,Role_2
User_4767,Role_2
User_4769,Role_2
User_4772,Role_2
User_4773,Role_2
User_4777,Role_2
User_4781,Role_2
User_4783,Role_2
User_4807,Role_2
User_4810,Role_2
User_4811,Role_2
User_4814,Role_2
User_4821,Role_2
User_4827,Role_2
User_4832,Role_2
User_4835,Role_2
User_4836,Role_2
User_4842,Role_2
User_4846,Role_2
User_4847,Role_2
User_4853,Role_2
User_4855,Role_2
User_4858,Role_2
User_4860,Role_2
User_4866,Role_2
User_4867,Role_2
User_4875,Role_2
User_4876,Role_2
User_4878,Role_2
User_4884,Role_2
User_4890,Role_2
User_4894,Role_2
User_4901,Role_2
User_4904,Role_2
User_4906,Role_2
User_4910,Role_2
User_4920,Role_2
User_4921,Role_2
User_4926,Role_2
User_4930,Role_2
User_4931,Role_2
User_4935,Role_2
User_4938,Role_2
User_4939,Role_2
User_4945,Role_2
User_4947,Role_2
User_4949,Role_2
User_4950,Role_2
User_4953,Role_2
User_4954,Role_2
User_4955,Role_2
User_4956,Role_2
User_4957,Role_2
User_4959,Role_2
User_4961,Role_2
User_4963,Role_2
User_4973,Role_2
User_4980,Role_2
User_4981,Role_2
User_4986,Role_2
User_4991,Role_2
User_4994,Role_2
User_4996,Role_2
User_3,Role_3
User_6,Role_3
User_15,Role_3
User_27,Role_3
User_37,Role_3
User_45,Role_3
User_55,Role_3
User_66,Role_3
User_68,Role_3
User_75,Role_3
User_76,Role_3
User_82,Role_3
User_91,Role_3
User_106,Role_3
User_112,Role_3
User_122,Role_3
User_153,Role_3
User_154,Role_3
User_158,Role_3
User_160,Role_3
User_182,Role_3
User_185,Role_3
User_200,Role_3
User_207,Role_3
User_208,Role_3
User_209,Role_3
User_214,Role_3
User_222,Role_3
User_236,Role_3
User_242,Role_3
User_256,Role_3
User_257,Role_3
User_260,Role_3
User_277,Role_3
User_289,Role_3
User_304,Role_3
User_308,Role_3
User_317,Role_3
User_323,Role_3
User_329,Role_3
User_330,Role_3
User_347,Role_3
User_359,Role_3
User_364,Role_3
User_368,Role_3
User_372,Role_3
User_374,Role_3
User_380,Role_3
User_383,Role_3
User_396,Role_3
User_403,Role_3
User_411,Role_3
User_414,Role_3
User_427,Role_3
User_431,Role_3
User_439,Role_3
User_455,Role_3
User_465,Role_3
User_476,Role_3
User_494,Role_3
User_499,Role_3
User_502,Role_3
User_513,Role_3
User_516,Role_3
User_518,Role_3
User_525,Role_3
User_543,Role_3
User_545,Role_3
User_547,Role_3
User_555,Role_3
User_557,Role_3
User_564,Role_3
User_573,Role_3
User_576,Role_3
User_602,Role_3
User_631,Role_3
User_641,Role_3
User_643,Role_3
User_651,Role_3
User_659,Role_3
User_664,Role_3
User_675,Role_3
User_678,Role_3
User_701,Role_3
User_704,Role_3
User_723,Role_3
User_747,Role_3
User_761,Role_3
User_762,Role_3
User_771,Role_3
User_775,Role_3
User_782,Role_3
User_791,Role_3
User_796,Role_3
User_817,Role_3
User_821,Role_3
User_842,Role_3
User_847,Role_3
User_865,Role_3
User_870,Role_3
User_871,Role_3
User_887,Role_3
User_896,Role_3
User_905,Role_3
User_914,Role_3
User_927,Role_3
User_940,Role_3
User_951,Role_3
User_969,Role_3
User_973,Role_3
User_974,Role_3
User_977,Role_3
User_985,Role_3
User_992,Role_3
User_1009,Role_3
User_1025,Role_3
User_1030,Role_3
User_1037,Role_3
User_1060,Role_3
User_1067,Role_3
User_1070,Role_3
User_1073,Role_3
User_1082,Role_3
User_1095,Role_3
User_1103,Role_3
User_1107,Role_3
User_1112,Role_3
User_1116,Role_3
User_1119,Role_3
User_1153,Role_3
User_1155,Role_3
User_1157,Role_3
User_1170,Role_3
User_1171,Role_3
User_1177,Role_3
User_1184,Role_3
User_1198,Role_3
User_1210,Role_3
User_1213,Role_3
User_1229,Role_3
User_1230,Role_3
User_1238,Role_3
User_1242,Role_3
User_1271,Role_3
User_1278,Role_3
User_1280,Role_3
User_1300,Role_3
User_1315,Role_3
User_1331,Role_3
User_1338,Role_3
User_1349,Role_3
User_1356,Role_3
User_1377,Role_3
User_1378,Role_3
User_1386,Role_3
User_1396,Role_3
User_1404,Role_3
User_1411,Role_3
User_1419,Role_3
User_1431,Role_3
User_1432,Role_3
User_1438,Role_3
User_1453,Role_3
User_1454,Role_3
User_1456,Role_3
User_1458,Role_3
User_1459,Role_3
User_1461,Role_3
User_1462,Role_3
User_1468,Role_3
User_1482,Role_3
User_1484,Role_3
User_1495,Role_3
User_1510,Role_3
User_1525,Role_3
User_1530,Role_3
User_1546,Role_3
User_1552,Role_3
User_1558,Role_3
User_1561,Role_3
User_1562,Role_3
User_1563,Role_3
User_1569,Role_3
User_1571,Role_3
User_1578,Role_3
User_1580,Role_3
User_1604,Role_3
User_1607,Role_3
User_1610,Role_3
User_1613,Role_3
User_1619,Role_3
User_1635,Role_3
User_1646,Role_3
User_1648,Role_3
User_1650,Role_3
User_1660,Role_3
User_1669,Role_3
User_1672,Role_3
User_1677,Role_3
User_1682,Role_3
User_1699,Role_3
User_1706,Role_3
User_1707,Role_3
User_1718,Role_3
User_1720,Role_3
User_1733,Role_3
User_1748,Role_3
User_1755,Role_3
User_1757,Role_3
User_1765,Role_3
User_1766,Role_3
User_1767,Role_3
User_1768,Role_3
User_1792,Role_3
User_1800,Role_3
User_1802,Role_3
User_1809,Role_3
User_1825,Role_3
User_1853,Role_3
User_1855,Role_3
User_1856,Role_3
User_1877,Role_3
User_1880,Role_3
User_1888,Role_3
User_1895,Role_3
User_1900,Role_3
User_1904,Role_3
User_1905,Role_3
User_1937,Role_3
User_1949,Role_3
User_1957,Role_3
User_1958,Role_3
User_1959,Role_3
User_1994,Role_3
User_2006,Role_3
User_2016,Role_3
User_2032,Role_3
User_2070,Role_3
User_2079,Role_3
User_2087,Role_3
User_2094,Role_3
User_2104,Role_3
User_2105,Role_3
User_2135,Role_3
User_2142,Role_3
User_2146,Role_3
User_2148,Role_3
User_2162,Role_3
User_2185,Role_3
User_2193,Role_3
User_2206,Role_3
User_2237,Role_3
User_2246,Role_3
User_2257,Role_3
User_2267,Role_3
User_2294,Role_3
User_2313,Role_3
User_2315,Role_3
User_2322,Role_3
User_2332,Role_3
User_2335,Role_3
User_2350,Role_3
User_2360,Role_3
User_2378,Role_3
User_2381,Role_3
User_2382,Role_3
User_2412,Role_3
User_2445,Role_3
User_2451,Role_3
User_2475,Role_3
User_2481,Role_3
User_2483,Role_3
User_2498,Role_3
User_2507,Role_3
User_2508,Role_3
User_2509,Role_3
User_2514,Role_3
User_2517,Role_3
User_2531,Role_3
User_2543,Role_3
User_2544,Role_3
User_2559,Role_3
User_2562,Role_3
User_2568,Role_3
User_2574,Role_3
User_2578,Role_3
User_2585,Role_3
User_2586,Role_3
User_2609,Role_3
User_2618,Role_3
User_2623,Role_3
User_2633,Role_3
User_2641,Role_3
User_2669,Role_3
User_2674,Role_3
User_2703,Role_3
User_2717,Role_3
User_2729,Role_3
User_2731,Role_3
User_2733,Role_3
User_2741,Role_3
User_2755,Role_3
User_2758,Role_3
User_2765,Role_3
User_2766,Role_3
User_2782,Role_3
User_2785,Role_3
User_2789,Role_3
User_2807,Role_3
User_2808,Role_3
User_2811,Role_3
User_2814,Role_3
User_2831,Role_3
User_2836,Role_3
User_2850,Role_3
User_2852,Role_3
User_2862,Role_3
User_2863,Role_3
User_2871,Role_3
User_2875,Role_3
User_2876,Role_3
User_2878,Role_3
User_2880,Role_3
User_2881,Role_3
User_2888,Role_3
User_2894,Role_3
User_2897,Role_3
User_2898,Role_3
User_2923,Role_3
User_2935,Role_3
User_2943,Role_3
User_2949,Role_3
User_2975,Role_3
User_2976,Role_3
User_2984,Role_3
User_2988,Role_3
User_2989,Role_3
User_2993,Role_3
User_2995,Role_3
User_2996,Role_3
User_3000,Role_3
User_3004,Role_3
User_3008,Role_3
User_3055,Role_3
User_3081,Role_3
User_3084,Role_3
User_3085,Role_3
User_3086,Role_3
User_3104,Role_3
User_3124,Role_3
User_3125,Role_3
User_3132,Role_3
User_3146,Role_3
User_3152,Role_3
User_3201,Role_3
User_3215,Role_3
User_3220,Role_3
User_3225,Role_3
User_3230,Role_3
User_3242,Role_3
User_3246,Role_3
User_3253,Role_3
User_3278,Role_3
User_3284,Role_3
User_3294,Role_3
User_3296,Role_3
User_3303,Role_3
User_3306,Role_3
User_3319,Role_3
User_3349,Role_3
User_3354,Role_3
User_3357,Role_3
User_3366,Role_3
User_3372,Role_3
User_3399,Role_3
User_3415,Role_3
User_3418,Role_3
User_3436,Role_3
User_3443,Role_3
User_3450,Role_3
User_3451,Role_3
User_3461,Role_3
User_3465,Role_3
User_3468,Role_3
User_3480,Role_3
User_3493,Role_3
User_3510,Role_3
User_3511,Role_3
User_3514,Role_3
User_3523,Role_3
User_3526,Role_3
User_3532,Role_3
User_3535,Role_3
User_3543,Role_3
User_3544,Role_3
User_3546,Role_3
User_3550,Role_3
User_3551,Role_3
User_3553,Role_3
User_3554,Role_3
User_3559,Role_3
User_3564,Role_3
User_3576,Role_3
User_3596,Role_3
User_3598,Role_3
User_3603,Role_3
User_3618,Role_3
User_3629,Role_3
User_3633,Role_3
User_3643,Role_3
User_3644,Role_3
User_3658,Role_3
User_3673,Role_3
User_3682,Role_3
User_3689,Role_3
User_3696,Role_3
User_3713,Role_3
User_3719,Role_3
User_3727,Role_3
User_3729,Role_3
User_3750,Role_3
User_3754,Role_3
User_3768,Role_3
User_3775,Role_3
User_3803,Role_3
User_3812,Role_3
User_3815,Role_3
User_3819,Role_3
User_3835,Role_3
User_3843,Role_3
User_3865,Role_3
User_3867,Role_3
User_3869,Role_3
User_3909,Role_3
User_3920,Role_3
User_3937,Role_3
User_3940,Role_3
User_3944,Role_3
User_3947,Role_3
User_3960,Role_3
User_3964,Role_3
User_3970,Role_3
User_3975,Role_3
User_3986,Role_3
User_3988,Role_3
User_3993,Role_3
User_4007,Role_3
User_4016,Role_3
User_4034,Role_3
User_4035,Role_3
User_4038,Role_3
User_4047,Role_3
User_4096,Role_3
User_4119,Role_3
User_4136,Role_3
User_4143,Role_3
User_4150,Role_3
User_4154,Role_3
User_4161,Role_3
User_4163,Role_3
User_4164,Role_3
User_4169,Role_3
User_4181,Role_3
User_4185,Role_3
User_4197,Role_3
User_4207,Role_3
User_4211,Role_3
User_4232,Role_3
User_4233,Role_3
User_4268,Role_3
User_4272,Role_3
User_4276,Role_3
User_4284,Role_3
User_4299,Role_3
User_4309,Role_3
User_4320,Role_3
User_4325,Role_3
User_4331,Role_3
User_4336,Role_3
User_4343,Role_3
User_4346,Role_3
User_4350,Role_3
User_4374,Role_3
User_4391,Role_3
User_4402,Role_3
User_4406,Role_3
User_4431,Role_3
User_4453,Role_3
User_4469,Role_3
User_4470,Role_3
User_4481,Role_3
User_4483,Role_3
User_4496,Role_3
User_4526,Role_3
User_4529,Role_3
User_4532,Role_3
User_4533,Role_3
User_4534,Role_3
User_4536,Role_3
User_4542,Role_3
User_4552,Role_3
User_4554,Role_3
User_4579,Role_3
User_4581,Role_3
User_4587,Role_3
User_4598,Role_3
User_4609,Role_3
User_4631,Role_3
User_4634,Role_3
User_4641,Role_3
User_4645,Role_3
User_4658,Role_3
User_4666,Role_3
User_4668,Role_3
User_4670,Role_3
User_4676,Role_3
User_4679,Role_3
User_4692,Role_3
User_4729,Role_3
User_4735,Role_3
User_4743,Role_3
User_4744,Role_3
User_4756,Role_3
User_4762,Role_3
User_4763,Role_3
User_4788,Role_3
User_4801,Role_3
User_4805,Role_3
User_4806,Role_3
User_4808,Role_3
User_4837,Role_3
User_4848,Role_3
User_4852,Role_3
User_4861,Role_3
User_4882,Role_3
User_4883,Role_3
User_4898,Role_3
User_4905,Role_3
User_4908,Role_3
User_4911,Role_3
User_4913,Role_3
User_4934,Role_3
User_4962,Role_3
User_4969,Role_3
User_4971,Role_3
User_4975,Role_3
User_4976,Role_3
User_4987,Role_3
User_4993,Role_3
User_1,Role_4
User_20,Role_4
User_23,Role_4
User_33,Role_4
User_41,Role_4
User_46,Role_4
User_49,Role_4
User_64,Role_4
User_65,Role_4
User_84,Role_4
User_105,Role_4
User_108,Role_4
User_109,Role_4
User_114,Role_4
User_116,Role_4
User_117,Role_4
User_126,Role_4
User_127,Role_4
User_132,Role_4
User_144,Role_4
User_167,Role_4
User_174,Role_4
User_188,Role_4
User_192,Role_4
User_193,Role_4
User_201,Role_4
User_224,Role_4
User_228,Role_4
User_230,Role_4
User_234,Role_4
User_244,Role_4
User_253,Role_4
User_265,Role_4
User_278,Role_4
User_281,Role_4
User_282,Role_4
User_297,Role_4
User_302,Role_4
User_303,Role_4
User_310,Role_4
User_313,Role_4
User_316,Role_4
User_319,Role_4
User_326,Role_4
User_335,Role_4
User_342,Role_4
User_345,Role_4
User_348,Role_4
User_349,Role_4
User_357,Role_4
User_371,Role_4
User_373,Role_4
User_386,Role_4
User_387,Role_4
User_392,Role_4
User_404,Role_4
User_406,Role_4
User_407,Role_4
User_408,Role_4
User_422,Role_4
User_423,Role_4
User_429,Role_4
User_430,Role_4
User_435,Role_4
User_438,Role_4
User_448,Role_4
User_454,Role_4
User_458,Role_4
User_473,Role_4
User_477,Role_4
User_485,Role_4
User_486,Role_4
User_491,Role_4
User_500,Role_4
User_512,Role_4
User_514,Role_4
User_520,Role_4
User_532,Role_4
User_550,Role_4
User_559,Role_4
User_563,Role_4
User_583,Role_4
User_587,Role_4
User_589,Role_4
User_594,Role_4
User_601,Role_4
User_637,Role_4
User_647,Role_4
User_657,Role_4
User_663,Role_4
User_676,Role_4
User_682,Role_4
User_683,Role_4
User_692,Role_4
User_700,Role_4
User_709,Role_4
User_714,Role_4
User_715,Role_4
User_728,Role_4
User_729,Role_4
User_730,Role_4
User_738,Role_4
User_744,Role_4
User_748,Role_4
User_749,Role_4
User_793,Role_4
User_798,Role_4
User_803,Role_4
User_804,Role_4
User_807,Role_4
User_811,Role_4
User_826,Role_4
User_827,Role_4
User_832,Role_4
User_837,Role_4
User_838,Role_4
User_843,Role_4
User_844,Role_4
User_857,Role_4
User_860,Role_4
User_873,Role_4
User_878,Role_4
User_884,Role_4
User_888,Role_4
User_891,Role_4
User_920,Role_4
User_929,Role_4
User_933,Role_4
User_935,Role_4
User_938,Role_4
User_945,Role_4
User_948,Role_4
User_953,Role_4
User_958,Role_4
User_963,Role_4
User_967,Role_4
User_968,Role_4
User_980,Role_4
User_984,Role_4
User_987,Role_4
User_989,Role_4
User_996,Role_4
User_1002,Role_4
User_1003,Role_4
User_1029,Role_4
User_1056,Role_4
User_1071,Role_4
User_1075,Role_4
User_1076,Role_4
User_1080,Role_4
User_1089,Role_4
User_1101,Role_4
User_1104,Role_4
User_1106,Role_4
User_1118,Role_4
User_1124,Role_4
User_1134,Role_4
User_1146,Role_4
User_1160,Role_4
User_1168,Role_4
User_1169,Role_4
User_1179,Role_4
User_1182,Role_4
User_1190,Role_4
User_1191,Role_4
User_1193,Role_4
User_1194,Role_4
User_1203,Role_4
User_1217,Role_4
User_1222,Role_4
User_1223,Role_4
User_1236,Role_4
User_1237,Role_4
User_1240,Role_4
User_1247,Role_4
User_1268,Role_4
User_1272,Role_4
User_1274,Role_4
User_1281,Role_4
User_1286,Role_4
User_1294,Role_4
User_1303,Role_4
User_1312,Role_4
User_1313,Role_4
User_1328,Role_4
User_1341,Role_4
User_1348,Role_4
User_1350,Role_4
User_1354,Role_4
User_1371,Role_4
User_1379,Role_4
User_1390,Role_4
User_1392,Role_4
User_1395,Role_4
User_1406,Role_4
User_1408,Role_4
User_1426,Role_4
User_1436,Role_4
User_1457,Role_4
User_1472,Role_4
User_1478,Role_4
User_1486,Role_4
User_1489,Role_4
User_1491,Role_4
User_1498,Role_4
User_1499,Role_4
User_1500,Role_4
User_1506,Role_4
User_1508,Role_4
User_1513,Role_4
User_1524,Role_4
User_1535,Role_4
User_1564,Role_4
User_1576,Role_4
User_1589,Role_4
User_1592,Role_4
User_1606,Role_4
User_1611,Role_4
User_1612,Role_4
User_1615,Role_4
User_1621,Role_4
User_1640,Role_4
User_1644,Role_4
User_1657,Role_4
User_1661,Role_4
User_1662,Role_4
User_1676,Role_4
User_1685,Role_4
User_1691,Role_4
User_1695,Role_4
User_1697,Role_4
User_1709,Role_4
User_1715,Role_4
User_1722,Role_4
User_1731,Role_4
User_1734,Role_4
User_1738,Role_4
User_1744,Role_4
User_1747,Role_4
User_1756,Role_4
User_1773,Role_4
User_1775,Role_4
User_1788,Role_4
User_1796,Role_4
User_1797,Role_4
User_1803,Role_4
User_1808,Role_4
User_1812,Role_4
User_1814,Role_4
User_1840,Role_4
User_1841,Role_4
User_1842,Role_4
User_1858,Role_4
User_1862,Role_4
User_1868,Role_4
User_1870,Role_4
User_1883,Role_4
User_1893,Role_4
User_1899,Role_4
User_1906,Role_4
User_1912,Role_4
User_1936,Role_4
User_1960,Role_4
User_1961,Role_4
User_1968,Role_4
User_1981,Role_4
User_1993,Role_4
User_1998,Role_4
User_2008,Role_4
User_2018,Role_4
User_2023,Role_4
User_2036,Role_4
User_2044,Role_4
User_2045,Role_4
User_2057,Role_4
User_2061,Role_4
User_2063,Role_4
User_2069,Role_4
User_2071,Role_4
User_2076,Role_4
User_2078,Role_4
User_2082,Role_4
User_2107,Role_4
User_2108,Role_4
User_2113,Role_4
User_2114,Role_4
User_2120,Role_4
User_2123,Role_4
User_2136,Role_4
User_2150,Role_4
User_2151,Role_4
User_2153,Role_4
User_2167,Role_4
User_2181,Role_4
User_2183,Role_4
User_2196,Role_4
User_2201,Role_4
User_2208,Role_4
User_2209,Role_4
User_2222,Role_4
User_2227,Role_4
User_2232,Role_4
User_2235,Role_4
User_2240,Role_4
User_2244,Role_4
User_2245,Role_4
User_2253,Role_4
User_2256,Role_4
User_2261,Role_4
User_2264,Role_4
User_2269,Role_4
User_2273,Role_4
User_2274,Role_4
User_2284,Role_4
User_2290,Role_4
User_2296,Role_4
User_2304,Role_4
User_2326,Role_4
User_2330,Role_4
User_2333,Role_4
User_2336,Role_4
User_2344,Role_4
User_2347,Role_4
User_2353,Role_4
User_2354,Role_4
User_2357,Role_4
User_2359,Role_4
User_2370,Role_4
User_2379,Role_4
User_2384,Role_4
User_2389,Role_4
User_2397,Role_4
User_2409,Role_4
User_2417,Role_4
User_2419,Role_4
User_2433,Role_4
User_2441,Role_4
User_2442,Role_4
User_2448,Role_4
User_2459,Role_4
User_2463,Role_4
User_2466,Role_4
User_2467,Role_4
User_2470,Role_4
User_2472,Role_4
User_2490,Role_4
User_2495,Role_4
User_2497,Role_4
User_2506,Role_4
User_2515,Role_4
User_2520,Role_4
User_2536,Role_4
User_2537,Role_4
User_2538,Role_4
User_2540,Role_4
User_2557,Role_4
User_2563,Role_4
User_2576,Role_4
User_2596,Role_4
User_2601,Role_4
User_2612,Role_4
User_2615,Role_4
User_2621,Role_4
User_2636,Role_4
User_2637,Role_4
User_2639,Role_4
User_2643,Role_4
User_2661,Role_4
User_2668,Role_4
User_2670,Role_4
User_2673,Role_4
User_2679,Role_4
User_2689,Role_4
User_2693,Role_4
User_2706,Role_4
User_2708,Role_4
User_2714,Role_4
User_2726,Role_4
User_2739,Role_4
User_2751,Role_4
User_2764,Role_4
User_2777,Role_4
User_2792,Role_4
User_2800,Role_4
User_2806,Role_4
User_2809,Role_4
User_2816,Role_4
User_2825,Role_4
User_2840,Role_4
User_2843,Role_4
User_2847,Role_4
User_2849,Role_4
User_2858,Role_4
User_2870,Role_4
User_2872,Role_4
User_2877,Role_4
User_2887,Role_4
User_2889,Role_4
User_2899,Role_4
User_2909,Role_4
User_2910,Role_4
User_2927,Role_4
User_2933,Role_4
User_2939,Role_4
User_2944,Role_4
User_2946,Role_4
User_2957,Role_4
User_2967,Role_4
User_2978,Role_4
User_2980,Role_4
User_2987,Role_4
User_2990,Role_4
User_2992,Role_4
User_2999,Role_4
User_3014,Role_4
User_3018,Role_4
User_3019,Role_4
User_3028,Role_4
User_3029,Role_4
User_3034,Role_4
User_3042,Role_4
User_3047,Role_4
User_3048,Role_4
User_3059,Role_4
User_3065,Role_4
User_3069,Role_4
User_3070,Role_4
User_3092,Role_4
User_3094,Role_4
User_3095,Role_4
User_3105,Role_4
User_3128,Role_4
User_3130,Role_4
User_3131,Role_4
User_3134,Role_4
User_3139,Role_4
User_3142,Role_4
User_3148,Role_4
User_3179,Role_4
User_3182,Role_4
User_3186,Role_4
User_3191,Role_4
User_3192,Role_4
User_3202,Role_4
User_3205,Role_4
User_3208,Role_4
User_3213,Role_4
User_3218,Role_4
User_3223,Role_4
User_3233,Role_4
User_3238,Role_4
User_3241,Role_4
User_3257,Role_4
User_3265,Role_4
User_3268,Role_4
User_3276,Role_4
User_3292,Role_4
User_3297,Role_4
User_3299,Role_4
User_3300,Role_4
User_3310,Role_4
User_3314,Role_4
User_3324,Role_4
User_3329,Role_4
User_3337,Role_4
User_3342,Role_4
User_3344,Role_4
User_3345,Role_4
User_3347,Role_4
User_3353,Role_4
User_3355,Role_4
User_3360,Role_4
User_3362,Role_4
User_3364,Role_4
User_3367,Role_4
User_3370,Role_4
User_3374,Role_4
User_3378,Role_4
User_3400,Role_4
User_3419,Role_4
User_3422,Role_4
User_3427,Role_4
User_3428,Role_4
User_3456,Role_4
User_3459,Role_4
User_3466,Role_4
User_3478,Role_4
User_3479,Role_4
User_3485,Role_4
User_3487,Role_4
User_3488,Role_4
User_3508,Role_4
User_3513,Role_4
User_3525,Role_4
User_3529,Role_4
User_3533,Role_4
User_3537,Role_4
User_3542,Role_4
User_3545,Role_4
User_3561,Role_4
User_3563,Role_4
User_3566,Role_4
User_3579,Role_4
User_3583,Role_4
User_3600,Role_4
User_3602,Role_4
User_3608,Role_4
User_3615,Role_4
User_3620,Role_4
User_3622,Role_4
User_3623,Role_4
User_3625,Role_4
User_3627,Role_4
User_3650,Role_4
User_3661,Role_4
User_3667,Role_4
User_3670,Role_4
User_3679,Role_4
User_3697,Role_4
User_3702,Role_4
User_3705,Role_4
User_3709,Role_4
User_3714,Role_4
User_3721,Role_4
User_3735,Role_4
User_3739,Role_4
User_3741,Role_4
User_3744,Role_4
User_3745,Role_4
User_3748,Role_4
User_3752,Role_4
User_3760,Role_4
User_3762,Role_4
User_3765,Role_4
User_3767,Role_4
User_3778,Role_4
User_3779,Role_4
User_3780,Role_4
User_3788,Role_4
User_3798,Role_4
User_3799,Role_4
User_3810,Role_4
User_3813,Role_4
User_3820,Role_4
User_3833,Role_4
User_3854,Role_4
User_3856,Role_4
User_3862,Role_4
User_3868,Role_4
User_3874,Role_4
User_3878,Role_4
User_3879,Role_4
User_3884,Role_4
User_3897,Role_4
User_3899,Role_4
User_3900,Role_4
User_3906,Role_4
User_3910,Role_4
User_3916,Role_4
User_3922,Role_4
User_3924,Role_4
User_3932,Role_4
User_3934,Role_4
User_3941,Role_4
User_3948,Role_4
User_3949,Role_4
User_3972,Role_4
User_3978,Role_4
User_3979,Role_4
User_3992,Role_4
User_4003,Role_4
User_4009,Role_4
User_4020,Role_4
User_4027,Role_4
User_4030,Role_4
User_4037,Role_4
User_4058,Role_4
User_4063,Role_4
User_4077,Role_4
User_4087,Role_4
User_4093,Role_4
User_4106,Role_4
User_4107,Role_4
User_4121,Role_4
User_4122,Role_4
User_4123,Role_4
User_4129,Role_4
User_4144,Role_4
User_4160,Role_4
User_4162,Role_4
User_4166,Role_4
User_4170,Role_4
User_4180,Role_4
User_4186,Role_4
User_4193,Role_4
User_4195,Role_4
User_4198,Role_4
User_4202,Role_4
User_4204,Role_4
User_4214,Role_4
User_4220,Role_4
User_4224,Role_4
User_4225,Role_4
User_4235,Role_4
User_4239,Role_4
User_4249,Role_4
User_4250,Role_4
User_4260,Role_4
User_4265,Role_4
User_4274,Role_4
User_4301,Role_4
User_4305,Role_4
User_4307,Role_4
User_4318,Role_4
User_4326,Role_4
User_4330,Role_4
User_4348,Role_4
User_4361,Role_4
User_4366,Role_4
User_4382,Role_4
User_4384,Role_4
User_4416,Role_4
User_4430,Role_4
User_4432,Role_4
User_4435,Role_4
User_4436,Role_4
User_4441,Role_4
User_4447,Role_4
User_4452,Role_4
User_4467,Role_4
User_4480,Role_4
User_4482,Role_4
User_4487,Role_4
User_4493,Role_4
User_4494,Role_4
User_4501,Role_4
User_4502,Role_4
User_4504,Role_4
User_4510,Role_4
User_4563,Role_4
User_4564,Role_4
User_4566,Role_4
User_4567,Role_4
User_4568,Role_4
User_4578,Role_4
User_4582,Role_4
User_4592,Role_4
User_4594,Role_4
User_4596,Role_4
User_4603,Role_4
User_4617,Role_4
User_4627,Role_4
User_4642,Role_4
User_4648,Role_4
User_4652,Role_4
User_4654,Role_4
User_4657,Role_4
User_4662,Role_4
User_4663,Role_4
User_4667,Role_4
User_4673,Role_4
User_4681,Role_4
User_4685,Role_4
User_4694,Role_4
User_4698,Role_4
User_4704,Role_4
User_4709,Role_4
User_4710,Role_4
User_4712,Role_4
User_4721,Role_4
User_4726,Role_4
User_4727,Role_4
User_4730,Role_4
User_4738,Role_4
User_4745,Role_4
User_4747,Role_4
User_4749,Role_4
User_4750,Role_4
User_4760,Role_4
User_4770,Role_4
User_4774,Role_4
User_4778,Role_4
User_4785,Role_4
User_4787,Role_4
User_4789,Role_4
User_4793,Role_4
User_4797,Role_4
User_4798,Role_4
User_4800,Role_4
User_4803,Role_4
User_4812,Role_4
User_4813,Role_4
User_4825,Role_4
User_4828,Role_4
User_4829,Role_4
User_4838,Role_4
User_4840,Role_4
User_4856,Role_4
User_4868,Role_4
User_4874,Role_4
User_4879,Role_4
User_4881,Role_4
User_4885,Role_4
User_4886,Role_4
User_4888,Role_4
User_4889,Role_4
User_4903,Role_4
User_4907,Role_4
User_4912,Role_4
User_4917,Role_4
User_4919,Role_4
User_4936,Role_4
User_4937,Role_4
User_4940,Role_4
User_4943,Role_4
User_4948,Role_4
User_4952,Role_4
User_4965,Role_4
User_4970,Role_4
User_4978,Role_4
User_4997,Role_4
User_0,Role_5
User_8,Role_5
User_10,Role_5
User_12,Role_5
User_18,Role_5
User_21,Role_5
User_36,Role_5
User_52,Role_5
User_59,Role_5
User_69,Role_5
User_73,Role_5
User_79,Role_5
User_80,Role_5
User_83,Role_5
User_85,Role_5
User_93,Role_5
User_107,Role_5
User_111,Role_5
User_125,Role_5
User_135,Role_5
User_148,Role_5
User_149,Role_5
User_151,Role_5
User_157,Role_5
User_164,Role_5
User_194,Role_5
User_213,Role_5
User_217,Role_5
User_251,Role_5
User_259,Role_5
User_267,Role_5
User_272,Role_5
User_280,Role_5
User_286,Role_5
User_298,Role_5
User_321,Role_5
User_324,Role_5
User_332,Role_5
User_339,Role_5
User_355,Role_5
User_356,Role_5
User_358,Role_5
User_377,Role_5
User_405,Role_5
User_412,Role_5
User_432,Role_5
User_436,Role_5
User_443,Role_5
User_444,Role_5
User_452,Role_5
User_459,Role_5
User_462,Role_5
User_495,Role_5
User_507,Role_5
User_526,Role_5
User_530,Role_5
User_546,Role_5
User_551,Role_5
User_556,Role_5
User_562,Role_5
User_568,Role_5
User_575,Role_5
User_578,Role_5
User_584,Role_5
User_588,Role_5
User_591,Role_5
User_614,Role_5
User_627,Role_5
User_628,Role_5
User_652,Role_5
User_654,Role_5
User_656,Role_5
User_687,Role_5
User_693,Role_5
User_696,Role_5
User_716,Role_5
User_717,Role_5
User_718,Role_5
User_731,Role_5
User_737,Role_5
User_740,Role_5
User_741,Role_5
User_767,Role_5
User_774,Role_5
User_781,Role_5
User_799,Role_5
User_802,Role_5
User_805,Role_5
User_809,Role_5
User_819,Role_5
User_836,Role_5
User_840,Role_5
User_856,Role_5
User_859,Role_5
User_863,Role_5
User_864,Role_5
User_881,Role_5
User_893,Role_5
User_895,Role_5
User_898,Role_5
User_909,Role_5
User_910,Role_5
User_917,Role_5
User_921,Role_5
User_972,Role_5
User_981,Role_5
User_999,Role_5
User_1000,Role_5
User_1004,Role_5
User_1007,Role_5
User_1015,Role_5
User_1020,Role_5
User_1022,Role_5
User_1032,Role_5
User_1034,Role_5
User_1057,Role_5
User_1109,Role_5
User_1110,Role_5
User_1115,Role_5
User_1126,Role_5
User_1127,Role_5
User_1129,Role_5
User_1131,Role_5
User_1144,Role_5
User_1149,Role_5
User_1159,Role_5
User_1189,Role_5
User_1195,Role_5
User_1196,Role_5
User_1204,Role_5
User_1209,Role_5
User_1212,Role_5
User_1220,Role_5
User_1221,Role_5
User_1224,Role_5
User_1239,Role_5
User_1245,Role_5
User_1256,Role_5
User_1260,Role_5
User_1277,Role_5
User_1282,Role_5
User_1295,Role_5
User_1296,Role_5
User_1309,Role_5
User_1323,Role_5
User_1326,Role_5
User_1389,Role_5
User_1393,Role_5
User_1405,Role_5
User_1409,Role_5
User_1415,Role_5
User_1427,Role_5
User_1437,Role_5
User_1441,Role_5
User_1447,Role_5
User_1451,Role_5
User_1452,Role_5
User_1460,Role_5
User_1480,Role_5
User_1481,Role_5
User_1512,Role_5
User_1522,Role_5
User_1534,Role_5
User_1550,Role_5
User_1551,Role_5
User_1567,Role_5
User_1582,Role_5
User_1593,Role_5
User_1594,Role_5
User_1595,Role_5
User_1620,Role_5
User_1626,Role_5
User_1627,Role_5
User_1634,Role_5
User_1637,Role_5
User_1656,Role_5
User_1668,Role_5
User_1679,Role_5
User_1690,Role_5
User_1704,Role_5
User_1710,Role_5
User_1736,Role_5
User_1737,Role_5
User_1741,Role_5
User_1742,Role_5
User_1761,Role_5
User_1770,Role_5
User_1772,Role_5
User_1787,Role_5
User_1789,Role_5
User_1806,Role_5
User_1807,Role_5
User_1824,Role_5
User_1851,Role_5
User_1859,Role_5
User_1860,Role_5
User_1866,Role_5
User_1875,Role_5
User_1876,Role_5
User_1885,Role_5
User_1898,Role_5
User_1914,Role_5
User_1921,Role_5
User_1923,Role_5
User_1940,Role_5
User_1950,Role_5
User_1951,Role_5
User_1972,Role_5
User_1974,Role_5
User_1986,Role_5
User_2004,Role_5
User_2012,Role_5
User_2013,Role_5
User_2042,Role_5
User_2046,Role_5
User_2048,Role_5
User_2059,Role_5
User_2068,Role_5
User_2086,Role_5
User_2095,Role_5
User_2096,Role_5
User_2109,Role_5
User_2116,Role_5
User_2122,Role_5
User_2132,Role_5
User_2139,Role_5
User_2144,Role_5
User_2155,Role_5
User_2169,Role_5
User_2223,Role_5
User_2229,Role_5
User_2242,Role_5
User_2265,Role_5
User_2279,Role_5
User_2282,Role_5
User_2288,Role_5
User_2295,Role_5
User_2307,Role_5
User_2358,Role_5
User_2361,Role_5
User_2362,Role_5
User_2385,Role_5
User_2393,Role_5
User_2399,Role_5
User_2400,Role_5
User_2413,Role_5
User_2421,Role_5
User_2468,Role_5
User_2493,Role_5
User_2494,Role_5
User_2502,Role_5
User_2516,Role_5
User_2518,Role_5
User_2523,Role_5
User_2527,Role_5
User_2529,Role_5
User_2532,Role_5
User_2533,Role_5
User_2550,Role_5
User_2553,Role_5
User_2564,Role_5
User_2580,Role_5
User_2583,Role_5
User_2599,Role_5
User_2603,Role_5
User_2608,Role_5
User_2610,Role_5
User_2619,Role_5
User_2624,Role_5
User_2635,Role_5
User_2655,Role_5
User_2660,Role_5
User_2685,Role_5
User_2686,Role_5
User_2690,Role_5
User_2697,Role_5
User_2698,Role_5
User_2700,Role_5
User_2702,Role_5
User_2707,Role_5
User_2709,Role_5
User_2710,Role_5
User_2718,Role_5
User_2732,Role_5
User_2737,Role_5
User_2738,Role_5
User_2744,Role_5
User_2752,Role_5
User_2753,Role_5
User_2757,Role_5
User_2759,Role_5
User_2773,Role_5
User_2774,Role_5
User_2778,Role_5
User_2779,Role_5
User_2799,Role_5
User_2815,Role_5
User_2818,Role_5
User_2832,Role_5
User_2833,Role_5
User_2839,Role_5
User_2848,Role_5
User_2853,Role_5
User_2855,Role_5
User_2867,Role_5
User_2869,Role_5
User_2883,Role_5
User_2895,Role_5
User_2902,Role_5
User_2914,Role_5
User_2928,Role_5
User_2938,Role_5
User_2950,Role_5
User_2972,Role_5
User_2973,Role_5
User_2997,Role_5
User_3001,Role_5
User_3005,Role_5
User_3007,Role_5
User_3011,Role_5
User_3013,Role_5
User_3027,Role_5
User_3052,Role_5
User_3056,Role_5
User_3062,Role_5
User_3102,Role_5
User_3103,Role_5
User_3112,Role_5
User_3127,Role_5
User_3140,Role_5
User_3157,Role_5
User_3164,Role_5
User_3188,Role_5
User_3190,Role_5
User_3200,Role_5
User_3207,Role_5
User_3211,Role_5
User_3221,Role_5
User_3227,Role_5
User_3232,Role_5
User_3240,Role_5
User_3244,Role_5
User_3247,Role_5
User_3270,Role_5
User_3291,Role_5
User_3325,Role_5
User_3334,Role_5
User_3359,Role_5
User_3371,Role_5
User_3379,Role_5
User_3383,Role_5
User_3398,Role_5
User_3402,Role_5
User_3407,Role_5
User_3433,Role_5
User_3441,Role_5
User_3445,Role_5
User_3448,Role_5
User_3492,Role_5
User_3498,Role_5
User_3507,Role_5
User_3515,Role_5
User_3530,Role_5
User_3538,Role_5
User_3541,Role_5
User_3547,Role_5
User_3556,Role_5
User_3560,Role_5
User_3562,Role_5
User_3572,Role_5
User_3578,Role_5
User_3595,Role_5
User_3613,Role_5
User_3642,Role_5
User_3651,Role_5
User_3663,Role_5
User_3666,Role_5
User_3677,Role_5
User_3694,Role_5
User_3707,Role_5
User_3718,Role_5
User_3724,Role_5
User_3738,Role_5
User_3740,Role_5
User_3771,Role_5
User_3828,Role_5
User_3836,Role_5
User_3871,Role_5
User_3875,Role_5
User_3880,Role_5
User_3913,Role_5
User_3914,Role_5
User_3927,Role_5
User_3929,Role_5
User_3945,Role_5
User_3967,Role_5
User_3974,Role_5
User_3984,Role_5
User_3985,Role_5
User_3987,Role_5
User_4006,Role_5
User_4043,Role_5
User_4052,Role_5
User_4055,Role_5
User_4060,Role_5
User_4061,Role_5
User_4062,Role_5
User_4081,Role_5
User_4084,Role_5
User_4089,Role_5
User_4097,Role_5
User_4112,Role_5
User_4133,Role_5
User_4149,Role_5
User_4177,Role_5
User_4179,Role_5
User_4182,Role_5
User_4192,Role_5
User_4217,Role_5
User_4237,Role_5
User_4240,Role_5
User_4256,Role_5
User_4266,Role_5
User_4273,Role_5
User_4278,Role_5
User_4283,Role_5
User_4285,Role_5
User_4292,Role_5
User_4295,Role_5
User_4297,Role_5
User_4321,Role_5
User_4322,Role_5
User_4328,Role_5
User_4333,Role_5
User_4339,Role_5
User_4358,Role_5
User_4365,Role_5
User_4370,Role_5
User_4375,Role_5
User_4381,Role_5
User_4389,Role_5
User_4394,Role_5
User_4400,Role_5
User_4410,Role_5
User_4419,Role_5
User_4437,Role_5
User_4448,Role_5
User_4454,Role_5
User_4455,Role_5
User_4457,Role_5
User_4458,Role_5
User_4460,Role_5
User_4495,Role_5
User_4497,Role_5
User_4508,Role_5
User_4511,Role_5
User_4515,Role_5
User_4523,Role_5
User_4538,Role_5
User_4553,Role_5
User_4555,Role_5
User_4559,Role_5
User_4572,Role_5
User_4590,Role_5
User_4600,Role_5
User_4604,Role_5
User_4621,Role_5
User_4623,Role_5
User_4649,Role_5
User_4653,Role_5
User_4655,Role_5
User_4659,Role_5
User_4661,Role_5
User_4683,Role_5
User_4691,Role_5
User_4699,Role_5
User_4708,Role_5
User_4716,Role_5
User_4718,Role_5
User_4732,Role_5
User_4740,Role_5
User_4746,Role_5
User_4779,Role_5
User_4794,Role_5
User_4796,Role_5
User_4818,Role_5
User_4820,Role_5
User_4834,Role_5
User_4854,Role_5
User_4865,Role_5
User_4872,Role_5
User_4895,Role_5
User_4896,Role_5
User_4899,Role_5
User_4900,Role_5
User_4909,Role_5
User_4925,Role_5
User_4941,Role_5
User_4942,Role_5
User_4951,Role_5
User_4958,Role_5
User_4985,Role_5
User_4989,Role_5
User_4999,Role_5
User_48,Role_6
User_67,Role_6
User_161,Role_6
User_170,Role_6
User_180,Role_6
User_183,Role_6
User_203,Role_6
User_211,Role_6
User_248,Role_6
User_261,Role_6
User_287,Role_6
User_320,Role_6
User_322,Role_6
User_336,Role_6
User_340,Role_6
User_366,Role_6
User_370,Role_6
User_382,Role_6
User_418,Role_6
User_478,Role_6
User_488,Role_6
User_497,Role_6
User_498,Role_6
User_521,Role_6
User_581,Role_6
User_655,Role_6
User_661,Role_6
User_669,Role_6
User_677,Role_6
User_681,Role_6
User_739,Role_6
User_770,Role_6
User_788,Role_6
User_797,Role_6
User_830,Role_6
User_831,Role_6
User_846,Role_6
User_861,Role_6
User_882,Role_6
User_889,Role_6
User_926,Role_6
User_995,Role_6
User_1001,Role_6
User_1051,Role_6
User_1053,Role_6
User_1081,Role_6
User_1084,Role_6
User_1086,Role_6
User_1123,Role_6
User_1128,Role_6
User_1151,Role_6
User_1158,Role_6
User_1205,Role_6
User_1214,Role_6
User_1246,Role_6
User_1253,Role_6
User_1255,Role_6
User_1273,Role_6
User_1299,Role_6
User_1311,Role_6
User_1320,Role_6
User_1321,Role_6
User_1340,Role_6
User_1373,Role_6
User_1399,Role_6
User_1412,Role_6
User_1417,Role_6
User_1429,Role_6
User_1433,Role_6
User_1434,Role_6
User_1443,Role_6
User_1464,Role_6
User_1483,Role_6
User_1523,Role_6
User_1548,Role_6
User_1557,Role_6
User_1586,Role_6
User_1624,Role_6
User_1642,Role_6
User_1686,Role_6
User_1703,Role_6
User_1778,Role_6
User_1790,Role_6
User_1826,Role_6
User_1832,Role_6
User_1836,Role_6
User_1869,Role_6
User_1873,Role_6
User_1956,Role_6
User_1965,Role_6
User_1969,Role_6
User_1996,Role_6
User_2007,Role_6
User_2022,Role_6
User_2031,Role_6
User_2077,Role_6
User_2177,Role_6
User_2214,Role_6
User_2221,Role_6
User_2259,Role_6
User_2260,Role_6
User_2291,Role_6
User_2292,Role_6
User_2348,Role_6
User_2392,Role_6
User_2394,Role_6
User_2396,Role_6
User_2398,Role_6
User_2420,Role_6
User_2425,Role_6
User_2439,Role_6
User_2545,Role_6
User_2551,Role_6
User_2575,Role_6
User_2627,Role_6
User_2631,Role_6
User_2678,Role_6
User_2680,Role_6
User_2687,Role_6
User_2695,Role_6
User_2784,Role_6
User_2794,Role_6
User_2801,Role_6
User_2823,Role_6
User_2824,Role_6
User_2851,Role_6
User_2864,Role_6
User_2886,Role_6
User_2892,Role_6
User_2917,Role_6
User_2942,Role_6
User_2945,Role_6
User_2962,Role_6
User_2963,Role_6
User_2966,Role_6
User_3006,Role_6
User_3017,Role_6
User_3020,Role_6
User_3022,Role_6
User_3031,Role_6
User_3040,Role_6
User_3049,Role_6
User_3058,Role_6
User_3116,Role_6
User_3144,Role_6
User_3189,Role_6
User_3194,Role_6
User_3214,Role_6
User_3222,Role_6
User_3290,Role_6
User_3295,Role_6
User_3302,Role_6
User_3304,Role_6
User_3316,Role_6
User_3326,Role_6
User_3376,Role_6
User_3389,Role_6
User_3390,Role_6
User_3403,Role_6
User_3458,Role_6
User_3467,Role_6
User_3494,Role_6
User_3506,Role_6
User_3557,Role_6
User_3584,Role_6
User_3624,Role_6
User_3640,Role_6
User_3676,Role_6
User_3680,Role_6
User_3688,Role_6
User_3693,Role_6
User_3695,Role_6
User_3710,Role_6
User_3756,Role_6
User_3763,Role_6
User_3777,Role_6
User_3790,Role_6
User_3792,Role_6
User_3822,Role_6
User_3823,Role_6
User_3831,Role_6
User_3844,Role_6
User_3890,Role_6
User_3921,Role_6
User_3923,Role_6
User_3926,Role_6
User_3952,Role_6
User_3969,Role_6
User_4001,Role_6
User_4029,Role_6
User_4064,Role_6
User_4067,Role_6
User_4069,Role_6
User_4076,Role_6
User_4085,Role_6
User_4091,Role_6
User_4101,Role_6
User_4139,Role_6
User_4208,Role_6
User_4230,Role_6
User_4246,Role_6
User_4252,Role_6
User_4253,Role_6
User_4262,Role_6
User_4306,Role_6
User_4313,Role_6
User_4335,Role_6
User_4337,Role_6
User_4354,Role_6
User_4359,Role_6
User_4367,Role_6
User_4371,Role_6
User_4376,Role_6
User_4390,Role_6
User_4412,Role_6
User_4429,Role_6
User_4438,Role_6
User_4444,Role_6
User_4471,Role_6
User_4478,Role_6
User_4484,Role_6
User_4549,Role_6
User_4608,Role_6
User_4636,Role_6
User_4650,Role_6
User_4682,Role_6
User_4754,Role_6
User_4815,Role_6
User_4822,Role_6
User_4826,Role_6
User_4844,Role_6
User_4845,Role_6
User_4859,Role_6
User_4891,Role_6
User_4922,Role_6
User_4923,Role_6
User_4924,Role_6
User_4946,Role_6
User_4968,Role_6
User_4995,Role_6
User_4,Role_7
User_9,Role_7
User_16,Role_7
User_19,Role_7
User_22,Role_7
User_24,Role_7
User_29,Role_7
User_31,Role_7
User_40,Role_7
User_71,Role_7
User_99,Role_7
User_100,Role_7
User_103,Role_7
User_137,Role_7
User_152,Role_7
User_155,Role_7
User_156,Role_7
User_168,Role_7
User_172,Role_7
User_176,Role_7
User_179,Role_7
User_184,Role_7
User_189,Role_7
User_195,Role_7
User_215,Role_7
User_231,Role_7
User_246,Role_7
User_247,Role_7
User_250,Role_7
User_262,Role_7
User_273,Role_7
User_275,Role_7
User_285,Role_7
User_291,Role_7
User_299,Role_7
User_314,Role_7
User_333,Role_7
User_341,Role_7
User_350,Role_7
User_360,Role_7
User_391,Role_7
User_394,Role_7
User_416,Role_7
User_428,Role_7
User_450,Role_7
User_451,Role_7
User_460,Role_7
User_464,Role_7
User_470,Role_7
User_492,Role_7
User_496,Role_7
User_509,Role_7
User_510,Role_7
User_524,Role_7
User_534,Role_7
User_538,Role_7
User_548,Role_7
User_558,Role_7
User_560,Role_7
User_570,Role_7
User_582,Role_7
User_596,Role_7
User_599,Role_7
User_600,Role_7
User_617,Role_7
User_619,Role_7
User_620,Role_7
User_625,Role_7
User_633,Role_7
User_640,Role_7
User_642,Role_7
User_660,Role_7
User_666,Role_7
User_670,Role_7
User_680,Role_7
User_686,Role_7
User_688,Role_7
User_719,Role_7
User_721,Role_7
User_724,Role_7
User_733,Role_7
User_742,Role_7
User_745,Role_7
User_751,Role_7
User_752,Role_7
User_766,Role_7
User_769,Role_7
User_779,Role_7
User_785,Role_7
User_787,Role_7
User_790,Role_7
User_792,Role_7
User_800,Role_7
User_815,Role_7
User_825,Role_7
User_828,Role_7
User_834,Role_7
User_845,Role_7
User_849,Role_7
User_850,Role_7
User_851,Role_7
User_866,Role_7
User_875,Role_7
User_890,Role_7
User_894,Role_7
User_897,Role_7
User_899,Role_7
User_901,Role_7
User_902,Role_7
User_913,Role_7
User_919,Role_7
User_924,Role_7
User_943,Role_7
User_949,Role_7
User_959,Role_7
User_1019,Role_7
User_1027,Role_7
User_1044,Role_7
User_1045,Role_7
User_1046,Role_7
User_1049,Role_7
User_1052,Role_7
User_1062,Role_7
User_1063,Role_7
User_1077,Role_7
User_1088,Role_7
User_1094,Role_7
User_1097,Role_7
User_1100,Role_7
User_1135,Role_7
User_1136,Role_7
User_1142,Role_7
User_1165,Role_7
User_1167,Role_7
User_1178,Role_7
User_1181,Role_7
User_1185,Role_7
User_1187,Role_7
User_1188,Role_7
User_1199,Role_7
User_1202,Role_7
User_1207,Role_7
User_1215,Role_7
User_1219,Role_7
User_1228,Role_7
User_1231,Role_7
User_1232,Role_7
User_1234,Role_7
User_1243,Role_7
User_1252,Role_7
User_1257,Role_7
User_1261,Role_7
User_1269,Role_7
User_1276,Role_7
User_1288,Role_7
User_1297,Role_7
User_1301,Role_7
User_1304,Role_7
User_1308,Role_7
User_1316,Role_7
User_1317,Role_7
User_1319,Role_7
User_1322,Role_7
User_1329,Role_7
User_1332,Role_7
User_1351,Role_7
User_1355,Role_7
User_1374,Role_7
User_1384,Role_7
User_1387,Role_7
User_1397,Role_7
User_1401,Role_7
User_1403,Role_7
User_1418,Role_7
User_1440,Role_7
User_1449,Role_7
User_1476,Role_7
User_1487,Role_7
User_1490,Role_7
User_1494,Role_7
User_1503,Role_7
User_1516,Role_7
User_1518,Role_7
User_1519,Role_7
User_1526,Role_7
User_1527,Role_7
User_1555,Role_7
User_1568,Role_7
User_1574,Role_7
User_1575,Role_7
User_1587,Role_7
User_1605,Role_7
User_1608,Role_7
User_1614,Role_7
User_1618,Role_7
User_1639,Role_7
User_1643,Role_7
User_1652,Role_7
User_1654,Role_7
User_1655,Role_7
User_1658,Role_7
User_1659,Role_7
User_1670,Role_7
User_1680,Role_7
User_1688,Role_7
User_1711,Role_7
User_1723,Role_7
User_1725,Role_7
User_1729,Role_7
User_1754,Role_7
User_1759,Role_7
User_1760,Role_7
User_1771,Role_7
User_1783,Role_7
User_1786,Role_7
User_1794,Role_7
User_1798,Role_7
User_1811,Role_7
User_1819,Role_7
User_1823,Role_7
User_1829,Role_7
User_1846,Role_7
User_1848,Role_7
User_1849,Role_7
User_1854,Role_7
User_1890,Role_7
User_1892,Role_7
User_1894,Role_7
User_1907,Role_7
User_1915,Role_7
User_1916,Role_7
User_1924,Role_7
User_1925,Role_7
User_1928,Role_7
User_1939,Role_7
User_1948,Role_7
User_1953,Role_7
User_1977,Role_7
User_1978,Role_7
User_1985,Role_7
User_1992,Role_7
User_1995,Role_7
User_2002,Role_7
User_2021,Role_7
User_2024,Role_7
User_2026,Role_7
User_2027,Role_7
User_2028,Role_7
User_2030,Role_7
User_2033,Role_7
User_2037,Role_7
User_2038,Role_7
User_2043,Role_7
User_2047,Role_7
User_2052,Role_7
User_2053,Role_7
User_2054,Role_7
User_2065,Role_7
User_2067,Role_7
User_2073,Role_7
User_2085,Role_7
User_2098,Role_7
User_2102,Role_7
User_2118,Role_7
User_2134,Role_7
User_2152,Role_7
User_2158,Role_7
User_2163,Role_7
User_2178,Role_7
User_2205,Role_7
User_2215,Role_7
User_2224,Role_7
User_2234,Role_7
User_2250,Role_7
User_2266,Role_7
User_2285,Role_7
User_2314,Role_7
User_2319,Role_7
User_2323,Role_7
User_2327,Role_7
User_2331,Role_7
User_2365,Role_7
User_2371,Role_7
User_2387,Role_7
User_2395,Role_7
User_2404,Role_7
User_2406,Role_7
User_2411,Role_7
User_2438,Role_7
User_2443,Role_7
User_2446,Role_7
User_2449,Role_7
User_2452,Role_7
User_2465,Role_7
User_2482,Role_7
User_2505,Role_7
User_2542,Role_7
User_2560,Role_7
User_2584,Role_7
User_2589,Role_7
User_2592,Role_7
User_2594,Role_7
User_2605,Role_7
User_2617,Role_7
User_2620,Role_7
User_2628,Role_7
User_2638,Role_7
User_2645,Role_7
User_2652,Role_7
User_2653,Role_7
User_2656,Role_7
User_2657,Role_7
User_2658,Role_7
User_2667,Role_7
User_2691,Role_7
User_2701,Role_7
User_2705,Role_7
User_2740,Role_7
User_2743,Role_7
User_2749,Role_7
User_2760,Role_7
User_2771,Role_7
User_2772,Role_7
User_2776,Role_7
User_2793,Role_7
User_2804,Role_7
User_2819,Role_7
User_2845,Role_7
User_2879,Role_7
User_2893,Role_7
User_2916,Role_7
User_2919,Role_7
User_2924,Role_7
User_2931,Role_7
User_2947,Role_7
User_2953,Role_7
User_2960,Role_7
User_2965,Role_7
User_2971,Role_7
User_2986,Role_7
User_2991,Role_7
User_2994,Role_7
User_2998,Role_7
User_3003,Role_7
User_3015,Role_7
User_3016,Role_7
User_3023,Role_7
User_3026,Role_7
User_3032,Role_7
User_3036,Role_7
User_3039,Role_7
User_3041,Role_7
User_3046,Role_7
User_3060,Role_7
User_3063,Role_7
User_3064,Role_7
User_3087,Role_7
User_3088,Role_7
User_3091,Role_7
User_3098,Role_7
User_3107,Role_7
User_3111,Role_7
User_3113,Role_7
User_3118,Role_7
User_3135,Role_7
User_3143,Role_7
User_3151,Role_7
User_3156,Role_7
User_3161,Role_7
User_3165,Role_7
User_3171,Role_7
User_3176,Role_7
User_3184,Role_7
User_3187,Role_7
User_3198,Role_7
User_3212,Role_7
User_3226,Role_7
User_3236,Role_7
User_3249,Role_7
User_3251,Role_7
User_3261,Role_7
User_3269,Role_7
User_3280,Role_7
User_3281,Role_7
User_3287,Role_7
User_3289,Role_7
User_3305,Role_7
User_3312,Role_7
User_3323,Role_7
User_3332,Role_7
User_3339,Role_7
User_3346,Role_7
User_3361,Role_7
User_3369,Role_7
User_3385,Role_7
User_3393,Role_7
User_3404,Role_7
User_3425,Role_7
User_3429,Role_7
User_3430,Role_7
User_3453,Role_7
User_3473,Role_7
User_3483,Role_7
User_3500,Role_7
User_3505,Role_7
User_3512,Role_7
User_3527,Role_7
User_3528,Role_7
User_3549,Role_7
User_3575,Role_7
User_3597,Role_7
User_3601,Role_7
User_3610,Role_7
User_3611,Role_7
User_3628,Role_7
User_3638,Role_7
User_3646,Role_7
User_3647,Role_7
User_3653,Role_7
User_3657,Role_7
User_3660,Role_7
User_3662,Role_7
User_3664,Role_7
User_3669,Role_7
User_3684,Role_7
User_3685,Role_7
User_3687,Role_7
User_3698,Role_7
User_3706,Role_7
User_3716,Role_7
User_3736,Role_7
User_3761,Role_7
User_3769,Role_7
User_3789,Role_7
User_3811,Role_7
User_3816,Role_7
User_3827,Role_7
User_3838,Role_7
User_3840,Role_7
User_3845,Role_7
User_3846,Role_7
User_3848,Role_7
User_3858,Role_7
User_3861,Role_7
User_3886,Role_7
User_3887,Role_7
User_3889,Role_7
User_3904,Role_7
User_3908,Role_7
User_3912,Role_7
User_3938,Role_7
User_3942,Role_7
User_3961,Role_7
User_3971,Role_7
User_3996,Role_7
User_4004,Role_7
User_4012,Role_7
User_4017,Role_7
User_4019,Role_7
User_4032,Role_7
User_4044,Role_7
User_4054,Role_7
User_4056,Role_7
User_4065,Role_7
User_4070,Role_7
User_4071,Role_7
User_4072,Role_7
User_4088,Role_7
User_4092,Role_7
User_4100,Role_7
User_4113,Role_7
User_4141,Role_7
User_4148,Role_7
User_4155,Role_7
User_4156,Role_7
User_4157,Role_7
User_4168,Role_7
User_4175,Role_7
User_4176,Role_7
User_4188,Role_7
User_4196,Role_7
User_4199,Role_7
User_4212,Role_7
User_4226,Role_7
User_4238,Role_7
User_4241,Role_7
User_4245,Role_7
User_4263,Role_7
User_4264,Role_7
User_4271,Role_7
User_4277,Role_7
User_4281,Role_7
User_4282,Role_7
User_4287,Role_7
User_4289,Role_7
User_4316,Role_7
User_4317,Role_7
User_4319,Role_7
User_4323,Role_7
User_4324,Role_7
User_4364,Role_7
User_4369,Role_7
User_4377,Role_7
User_4392,Role_7
User_4395,Role_7
User_4396,Role_7
User_4397,Role_7
User_4399,Role_7
User_4401,Role_7
User_4404,Role_7
User_4405,Role_7
User_4421,Role_7
User_4422,Role_7
User_4423,Role_7
User_4424,Role_7
User_4434,Role_7
User_4440,Role_7
User_4442,Role_7
User_4446,Role_7
User_4450,Role_7
User_4456,Role_7
User_4459,Role_7
User_4474,Role_7
User_4488,Role_7
User_4499,Role_7
User_4509,Role_7
User_4516,Role_7
User_4524,Role_7
User_4525,Role_7
User_4528,Role_7
User_4588,Role_7
User_4591,Role_7
User_4605,Role_7
User_4614,Role_7
User_4618,Role_7
User_4620,Role_7
User_4638,Role_7
User_4643,Role_7
User_4644,Role_7
User_4651,Role_7
User_4665,Role_7
User_4680,Role_7
User_4684,Role_7
User_4686,Role_7
User_4687,Role_7
User_4697,Role_7
User_4705,Role_7
User_4706,Role_7
User_4714,Role_7
User_4719,Role_7
User_4742,Role_7
User_4771,Role_7
User_4776,Role_7
User_4799,Role_7
User_4817,Role_7
User_4819,Role_7
User_4831,Role_7
User_4839,Role_7
User_4849,Role_7
User_4851,Role_7
User_4857,Role_7
User_4871,Role_7
User_4880,Role_7
User_4902,Role_7
User_4914,Role_7
User_4927,Role_7
User_4933,Role_7
User_4944,Role_7
User_4966,Role_7
User_4972,Role_7
User_4983,Role_7
User_4990,Role_7
